标题,菜系,经度,纬度
苗家侗寨民俗酒楼（酸汤鱼）,云贵菜,106.674259,26.629491
柒食贵阳味（花果园店）,云贵菜,106.696312,26.575194
醉黔北洞泉乌江鱼,云贵菜,106.721977,26.580822
武岳酒店餐厅（餐饮部）,云贵菜,106.72617,26.566538
红姐辣子鸡,云贵菜,106.707978,26.591686
烙印·六龙活油烙锅,云贵菜,106.679968,26.436424
保利国际温泉酒店餐厅,云贵菜,106.765737,26.615977
余庆特色味剔骨鸭,云贵菜,106.629543,26.685441
金不换黔菜馆,云贵菜,106.674701,26.62925
雅迪尔国际大酒店中餐厅,云贵菜,106.718356,26.581965
爱运动豆花烤鱼（鸿通城店）,云贵菜,106.714321,26.563562
丝兄丝妹苗家酸辣烫,云贵菜,106.721607,26.584356
珍味鲜野生菌火锅（会展城店）,云贵菜,106.652875,26.645259
黄记余庆熬溪剔骨鸭（百花新城店）,云贵菜,106.476155,26.573602
余庆贵州土司剔骨鸭（（万科店））,云贵菜,106.719635,26.526697
丽豪大饭店,云贵菜,106.7107,26.592554
贵阳万丽酒店百味餐厅,云贵菜,106.631412,26.649892
丝一念酸汤丝娃娃,云贵菜,106.718801,26.587036
毛辣果,云贵菜,106.723371,26.581712
天意金海湾,云贵菜,106.679652,26.586576
王老二辣子鸡（机场店）,云贵菜,106.720528,26.574336
豪丽酒楼（大营路店）,云贵菜,106.728456,26.604865
兰桂轩（旗舰店）,云贵菜,106.720009,26.571534
黔渔翁豆花渎鱼（喷水池店）,云贵菜,106.718264,26.58943
金钰坊北京烤鸭（美乐城店）,云贵菜,106.626525,26.651924
胡子哥餐厅,云贵菜,106.723906,26.582542
蘸椒洋烙锅（鸿通城店）,云贵菜,106.71505,26.564692
冠洲宾馆,云贵菜,106.728932,26.571251
馋嘴馆私家菜（宅吉店）,云贵菜,106.718344,26.612018
贵山大酒店餐厅,云贵菜,106.721126,26.586774
张姨妈香辣蹄花猪脚火锅,云贵菜,106.692976,26.574304
蘸椒洋烙锅（印象城店）,云贵菜,106.626952,26.607726
小张余庆乡村剔骨鸭,云贵菜,106.614582,26.611865
妖大妈卤味坊（大营店）,云贵菜,106.728677,26.605021
蘸椒洋烙锅（小河万科广场店）,云贵菜,106.719635,26.526697
郑家拐角店（拐角店）,云贵菜,106.694973,26.340024
侗家食府（北京路店）,云贵菜,106.704481,26.593898
贵州华联大酒店餐厅,云贵菜,106.718673,26.588692
我家土灶烧菜,云贵菜,106.658152,26.598794
刘姨妈食府（沙冲南路店）,云贵菜,106.701534,26.53739
安顺味吃货铺,云贵菜,106.72333,26.578957
六福居,云贵菜,106.629167,26.632517
新天一烤（乌当店）,云贵菜,106.786815,26.642835
天意大酒楼,云贵菜,106.708166,26.588594
采蝶轩粤菜茶点宴席（花果园店）,云贵菜,106.696312,26.575194
生生源食府,云贵菜,106.716998,26.592876
乾元食府,云贵菜,106.711957,26.606065
汇百香,云贵菜,106.719635,26.526697
黔城德尝鲜楼,云贵菜,106.715868,26.612405
林家豆米火锅,云贵菜,106.72371,26.585073
黔外婆（都司店）,云贵菜,106.714587,26.57875
杨姨妈丝娃娃（喷水池店）,云贵菜,106.720067,26.587665
八方牛客（四方河店）,云贵菜,106.692019,26.534781
25号公馆,云贵菜,106.718566,26.587985
云鼎农家包谷鸡,云贵菜,106.717816,26.612113
筑里香土菜馆（市南路店）,云贵菜,106.737458,26.561779
贵阳李氏息烽阳朗鸡,云贵菜,106.721525,26.58451
门庭院（沙冲路店）,云贵菜,106.709593,26.553646
乡村剔骨鸭（时光贵州店）,云贵菜,106.475978,26.58472
食不厌精,云贵菜,106.70511,26.591058
拐角楼,云贵菜,106.72574,26.584619
老土灶柴火鸡,云贵菜,106.786306,26.651446
滇老头土菜馆,云贵菜,106.729809,26.605929
源野香羊（南环店）,云贵菜,106.705065,26.522044
龙大哥辣子鸡（高新路店）,云贵菜,106.78039,26.642784
品茗阁,云贵菜,106.626422,26.682973
黔东来·扎佐蹄膀（乌当店）,云贵菜,106.774824,26.636745
毛家饭店（白云店）,云贵菜,106.630388,26.680269
皇港美食会,云贵菜,106.71114,26.517028
黔渔翁秘制酱香烧鱼,云贵菜,106.641709,26.653505
韦小宝,云贵菜,106.697529,26.579207
邻家小厨,云贵菜,106.720293,26.598787
唐记炒鸡,云贵菜,106.641726,26.683659
广东乐逍遥山庄,云贵菜,106.737343,26.589553
西湖花园大酒店,云贵菜,106.729122,26.589499
贵州老家黔味馆,云贵菜,106.7046,26.532728
都市·新大新豆米火锅（恒峰店）,云贵菜,106.712578,26.58379
红天下酒楼（金融街店）,云贵菜,106.690977,26.573904
呱呱叫田鸡火锅,云贵菜,106.627634,26.630045
老花土菜馆,云贵菜,106.637388,26.683925
大伯娘风味辣子鸡,云贵菜,106.735789,26.611958
富源宾悦酒店（品悦餐厅）,云贵菜,106.732151,26.569446
毛哥辣子鸡,云贵菜,106.72815,26.590896
喜天大酒店·龙门渔港（餐饮部）,云贵菜,106.787425,26.654942
龙大哥辣子鸡（金阳店）,云贵菜,106.625601,26.651599
胖子烤肉,云贵菜,106.743176,26.623516
花楸树下（观水路店）,云贵菜,106.729925,26.577334
大众快餐,云贵菜,106.718012,26.590996
禧乐汇,云贵菜,106.682198,26.422996
滇味源天麻竹荪火腿鸡火锅（黔城天街店）,云贵菜,106.490764,26.561192
西江传说,云贵菜,106.804359,26.644738
外婆家（红旗路店）,云贵菜,106.474903,26.562518
邻家小厨（城基路店）,云贵菜,106.713292,26.590692
亮欢寨快活林酸汤鱼（曹状元街店）,云贵菜,106.721983,26.578709
遵义虾子羊肉粉,云贵菜,106.694571,26.576166
之香唐（会展城店）,云贵菜,106.654656,26.64537
木子记印象（青云店）,云贵菜,106.710022,26.572159
花园餐厅风味地方菜,云贵菜,106.742596,26.56681
凯里苗王快活林酸汤鱼,云贵菜,106.72259,26.58678
潘潘小厨地道贵阳菜（体育店）,云贵菜,106.709084,26.56793
下饭菜食味坊,云贵菜,106.734069,26.576198
贵阳万丽酒店新满福楼餐厅,云贵菜,106.631342,26.649806
中都佳源,云贵菜,106.718811,26.580147
宏源山庄,云贵菜,106.619965,26.6454
膳香源天麻药膳鸡（蓑草路店）,云贵菜,106.7323,26.566329
杨姨妈丝娃娃（八鸽岩路店）,云贵菜,106.708347,26.599128
富源鸿酒楼,云贵菜,106.739328,26.520371
仟纳贵州宴（盐务街店）,云贵菜,106.717413,26.606134
鸿运阁食府,云贵菜,106.728457,26.599333
盛世鸿楼,云贵菜,106.717697,26.5348
贵阳和舍酒店星月秘境,云贵菜,106.724939,26.592439
新侗家食府（蟠桃宫店）,云贵菜,106.732346,26.580581
天外天渔城,云贵菜,106.711611,26.581756
水车屋黔味厨房,云贵菜,106.711077,26.590502
新黔香源食府,云贵菜,106.691358,26.535543
聚和香驴肉（清水江路店）,云贵菜,106.71114,26.517028
幸福楼,云贵菜,106.629249,26.606372
尚·自然大酒楼,云贵菜,106.725139,26.564227
京铺烤鸭,云贵菜,106.624906,26.678222
黔湘荟（石标路店）,云贵菜,106.64211,26.656355
嘉华酒店餐厅,云贵菜,106.709087,26.590006
丽江铜锅牛肉,云贵菜,106.632589,26.637335
久锅私房菜,云贵菜,106.72143,26.589896
聚缘轩家常菜,云贵菜,106.708766,26.531113
福瑞祥饭庄,云贵菜,106.66234,26.693399
喜来登贵航酒店天宝阁中餐厅（中华南路店）,云贵菜,106.720853,26.576963
黔香源食府,云贵菜,106.709508,26.532026
冰绿阁,云贵菜,106.668949,26.565784
华美达神奇大酒店·若水轩餐厅,云贵菜,106.725613,26.600878
十八碗酒楼,云贵菜,106.703665,26.588486
会丰阁干香脆肚（云岭中路店）,云贵菜,106.470462,26.563526
香堤雅（翠微店）,云贵菜,106.723996,26.575854
一绝干香脆肚,云贵菜,106.704132,26.520193
梓木山庄,云贵菜,106.685552,26.458103
贵州饭店中餐厅,云贵菜,106.715924,26.600396
卫城王马儿辣子鸡,云贵菜,106.638053,26.608354
大成精舍酒店,云贵菜,106.68366,26.473941
壹家福营养火锅,云贵菜,106.731226,26.585528
云之南滇味民俗餐厅（威清路店）,云贵菜,106.709435,26.591974
铂美酒店西月岛餐厅,云贵菜,106.714543,26.578532
雅玲铁板烧（黔城天街）,云贵菜,106.490783,26.561378
黔蘑菇四季餐厅（鸿通城店）,云贵菜,106.716325,26.564737
贵龙饭店餐饮部,云贵菜,106.724345,26.570596
卫城王马儿辣子鸡（中天店）,云贵菜,106.737377,26.618755
大美黔菜,云贵菜,106.757324,26.636717
半山乌江鱼,云贵菜,106.722886,26.575604
大富南酒楼,云贵菜,106.701161,26.571823
醉家常私房菜,云贵菜,106.718713,26.580865
花溪迎宾馆中餐厅,云贵菜,106.662435,26.434513
泉上·发现DISCOVERY 餐厅,云贵菜,106.707979,26.597415
周家私房菜馆,云贵菜,106.971713,27.068022
黔大毕活油烙锅烤鱼（广州路店）,云贵菜,106.609533,26.623894
大中小寻味生活餐厅,云贵菜,106.708166,26.588594
夜郎水八碗,云贵菜,106.627584,26.679223
意中腾（兄弟习水豆腐皮火锅店）,云贵菜,106.703229,26.520611
慧家活油烙锅音乐餐吧,云贵菜,106.656689,26.688797
黔灵湖山庄,云贵菜,106.692234,26.6001
乡食土钵菜,云贵菜,106.7046,26.532728
贵员外·梦想烙锅大排档,云贵菜,106.673646,26.629466
醉乐意·特色干锅火锅（会展城店）,云贵菜,106.654314,26.643566
余庆乡村剔骨鸭（会展城店）,云贵菜,106.652057,26.643352
抵拢倒拐酸汤虾酸火锅（护国路店）,云贵菜,106.724047,26.580354
老凯里酸汤鱼·贵州土菜馆,云贵菜,106.672944,26.629721
黔八方民族特色餐饮,云贵菜,106.678012,26.56478
思念酸辣烫（观山湖绿地店）,云贵菜,106.625566,26.652052
凯里苗寨酸汤鱼,云贵菜,106.674701,26.62925
贵州土司剔骨鸭（会展城店）,云贵菜,106.651428,26.64492
洪峰欣缘酒楼,云贵菜,106.732322,26.609962
一烙锅（渔安新城店）,云贵菜,106.747461,26.590375
美滋鹅干锅鹅掌翅（中建华府F区店）,云贵菜,106.733647,26.609542
老贵阳正宗黔味家常菜,云贵菜,106.679599,26.570247
苗岭侗寨酸汤鱼（金阳店）,云贵菜,106.651023,26.617565
黔牛宴酸汤牛肉火锅（白云店）,云贵菜,106.640419,26.681085
墅·餐吧,云贵菜,106.720908,26.582273
富南小吃酒楼,云贵菜,106.722109,26.579076
西江老街坊酸汤鱼 酸汤牛肉,云贵菜,106.655723,26.643501
方味食府,云贵菜,106.372303,26.639745
山水餐厅,云贵菜,106.630139,26.676921
庭丰园北京烤鸭（风雨桥店）,云贵菜,106.677979,26.556282
牛味王,云贵菜,106.639763,26.613424
孙灶房,云贵菜,106.627022,26.638118
亦乐·精酿餐吧,云贵菜,106.725995,26.57822
南云红阳酒楼,云贵菜,106.709716,26.518253
五二哥辣子鸡（金阳店）,云贵菜,106.638764,26.605808
滨湖盛泉餐厅,云贵菜,106.657921,26.621455
九夷部落,云贵菜,106.681594,26.444952
杨记青岩酒楼,云贵菜,106.716437,26.458378
一起回家吃饭（万象国际店）,云贵菜,106.714036,26.566606
乡愁贵州土菜馆,云贵菜,106.710467,26.533525
贵州苗家土菜馆老凯里酸汤鱼,云贵菜,106.649125,26.628545
烙道水城烙锅,云贵菜,106.615587,26.638012
公社农场羊肉庄（社区店）,云贵菜,106.744227,26.588116
黔味小厨,云贵菜,106.679518,26.567726
醉美黔菜中餐厅,云贵菜,106.763606,26.591904
贵州土菜馆,云贵菜,106.643358,26.653147
京小厨春饼,云贵菜,106.615587,26.638012
一品鸡黔川湘,云贵菜,106.733201,26.609513
水上铁板烧（学府里店）,云贵菜,106.669217,26.444344
苗香稻坊,云贵菜,106.657763,26.646707
龙大哥辣子鸡（出山里店）,云贵菜,106.676441,26.415879
息烽温泉黄家老厨房,云贵菜,106.85939,27.205247
永佳酒楼,云贵菜,106.486415,26.568552
苗彝侗寨,云贵菜,106.626277,26.647861
树厨地道贵州菜餐厅（花果园购物中心店）,云贵菜,106.696312,26.575194
玺鸿厨老火锅,云贵菜,106.778223,26.636582
黔牛宴（花溪店）,云贵菜,106.666951,26.416604
阿杜炒蟹（鸿通城店）,云贵菜,106.715666,26.564416
西街食府,云贵菜,106.689431,26.337228
侗橱大歌,云贵菜,106.695488,26.572146
聚鼎坊私藏菜,云贵菜,106.710692,26.578795
膳悦酒楼（千禧广场店）,云贵菜,106.625796,26.648463
农门阵湘菜馆（小河万科店）,云贵菜,106.719278,26.528857
喜香园酒楼,云贵菜,106.650083,26.679126
黔宫食府,云贵菜,106.677095,26.563972
樹厨地道黔菜（乌当店）,云贵菜,106.787485,26.653923
银项圈民族酒楼,云贵菜,106.787193,26.665011
三口百味烤鸡（黔灵东路店）,云贵菜,106.722591,26.593254
年味药膳养生肚包鸡,云贵菜,106.771763,26.609937
黔御厨（师大店）,云贵菜,106.729895,26.591872
黔厨小菜,云贵菜,106.700358,26.523347
醉苗侗凯里酸汤鱼（小河店）,云贵菜,106.730022,26.494128
御锦私房菜,云贵菜,106.495231,26.566395
明珠塔花园餐厅,云贵菜,106.637659,26.608468
观山湖大酒店,云贵菜,106.588026,26.605743
杏花村,云贵菜,106.70839,26.58965
黔布依贵州印象布依土菜馆,云贵菜,106.75438,26.401963
三姨孃爆炒三肠,云贵菜,106.726393,26.584947
竹林寨（兰花广场店）,云贵菜,106.68842,26.565053
同心阳朗辣子鸡,云贵菜,106.676735,26.563293
树厨地道黔菜餐厅（小河万科广场店）,云贵菜,106.719635,26.526697
韦姨妈炒鸡店,云贵菜,106.617406,26.615916
四公子风味小院,云贵菜,106.72398,26.582793
捌加壹快餐苗家特色酸汤鱼,云贵菜,106.673646,26.629466
壹合私房菜,云贵菜,106.690176,26.566188
梅子食坊,云贵菜,106.712232,26.574034
土菜行家,云贵菜,106.681949,26.425295
古艺黔牛酸汤小馆,云贵菜,106.694648,26.575357
香丝黔味（印象里店）,云贵菜,106.616753,26.592941
冲锋辣子鸡,云贵菜,106.713421,26.590369
云南嘻玛尚座过桥米线（CCpark店）,云贵菜,106.65902,26.651966
时光茶语时尚餐吧,云贵菜,106.629249,26.606372
缘味老凯里酸汤火锅,云贵菜,106.644984,26.385458
蒸蛮记浏阳蒸菜,云贵菜,106.652057,26.643352
郭家大院,云贵菜,106.709062,26.528742
怪噜·范（万宜广场店）,云贵菜,106.684927,26.439609
特色干锅牛肉,云贵菜,106.678153,26.454152
泉凤源·苗寨民俗饮食文化村,云贵菜,106.685941,26.621055
易老三活油烙锅,云贵菜,106.728942,26.61917
利群贵州菜馆,云贵菜,106.674437,26.628932
外婆土司菜,云贵菜,106.710869,26.579644
青木咖啡馆,云贵菜,106.697104,26.575018
云上苗家酸汤鱼,云贵菜,106.653559,26.645431
7号花园餐厅,云贵菜,106.674664,26.629419
黔浙薈食府,云贵菜,106.372303,26.639745
花园星座-半山食府,云贵菜,106.689491,26.581005
故巷坊大方活油烙锅•豆米牛肉火锅餐吧,云贵菜,106.624776,26.651978
子非,云贵菜,106.6949,26.336876
苗乡鱼府,云贵菜,106.622069,26.619994
余庆剔骨鸭,云贵菜,106.747465,26.579434
碗碗香（出山里店）,云贵菜,106.660134,26.498176
息香源阳朗辣子鸡（黔香园店）,云贵菜,106.652057,26.643352
陈有良尖椒鸡,云贵菜,106.764756,26.607263
汤氏食府土菜馆,云贵菜,106.705399,26.574958
息烽温泉尚雅餐厅,云贵菜,106.858913,27.201475
仟纳贵州宴（保利公园店）,云贵菜,106.786555,26.652224
自留地川黔小菜馆,云贵菜,106.705025,26.586201
香遇乐厨,云贵菜,106.661272,26.58449
蒋记老凯里酸汤鱼,云贵菜,106.672807,26.629737
军阅国际酒店餐厅,云贵菜,106.676188,26.632056
胡子哥酸汤牛胸肌火锅（小河店）,云贵菜,106.719404,26.524825
脍不厌细酒楼,云贵菜,106.609533,26.623894
8号花园餐厅,云贵菜,106.71865,26.559973
金玉满堂宴会酒楼,云贵菜,106.689776,26.569923
胡阿姨骟鸡豆腐（梦想城总店）,云贵菜,106.672937,26.629061
黔牛宴酸汤牛肉火锅（小河店）,云贵菜,106.702772,26.520448
贵州家常菜馆·贵州辣子鸡,云贵菜,106.673606,26.629455
正宗凯里酸汤鱼,云贵菜,106.673924,26.546478
卫城奖牌辣子鸡（合肥路店）,云贵菜,106.648305,26.608172
丰度炒鸡,云贵菜,106.657692,26.65332
三天一味.黔西豆豉活菜（绿地联盛店）,云贵菜,106.625846,26.652168
贵州老挑,云贵菜,106.681109,26.452546
老凯里土钵菜,云贵菜,106.625782,26.652199
嘎佬傳説古法酸汤,云贵菜,106.522015,26.579752
盼中餐,云贵菜,106.673646,26.629466
地中海风情餐厅.清心黔菜,云贵菜,106.727663,26.6102
仟禧咖啡,云贵菜,106.677135,26.564446
香姨妈卤猪脚,云贵菜,106.692799,26.337885
家家小菜馆•16年店,云贵菜,106.717833,26.588307
息烽大酒店悦膳坊,云贵菜,106.753008,27.081385
随园食府,云贵菜,106.676952,26.63606
侗香缘牛瘪酸汤牛肉店,云贵菜,106.609533,26.623894
雷山鱼酱酸汤鱼（花果园财富广场店）,云贵菜,106.673924,26.546478
几禾酒楼,云贵菜,106.688503,26.566816
滇蘑菇（梵华里店）,云贵菜,106.718105,26.588053
望香园菜馆,云贵菜,106.726523,26.583353
遵义黑豆花家常菜,云贵菜,106.720802,26.594606
沙河餐馆,云贵菜,106.725891,26.612574
大盘子蒸鱼,云贵菜,106.617406,26.615916
金必轩（青岩店）,云贵菜,106.694607,26.338242
凯发小厨,云贵菜,106.715072,26.586124
福满缘,云贵菜,106.476062,26.555835
赵百万辣子鸡（c区店）,云贵菜,106.692317,26.567398
恒森私厨酒楼,云贵菜,106.695703,26.536747
黔湖荟好日子,云贵菜,106.624712,26.697311
黔牛宴酸汤牛肉火锅（M区店）,云贵菜,106.687695,26.567048
惠水特色干锅马肉（中建华府店）,云贵菜,106.732493,26.609265
谭鱼头,云贵菜,106.706935,26.591871
蚕豆餐厅,云贵菜,106.725229,26.592447
七得香,云贵菜,106.673924,26.546478
九味坊息烽阳郎辣子鸡,云贵菜,106.674701,26.62925
圈圈干锅,云贵菜,106.690977,26.573904
碗碗香（花果园店）,云贵菜,106.676265,26.559596
田园农家菜（花溪店）,云贵菜,106.671211,26.438997
鸿利来酒楼,云贵菜,106.656748,26.694187
锄坂社特色小炒,云贵菜,106.681717,26.436216
霸王牛肉,云贵菜,106.626729,26.653372
何大姐红顶鸭,云贵菜,106.794744,26.535532
一烙锅,云贵菜,106.762783,26.600106
聚味轩餐厅,云贵菜,106.655929,26.624769
诺富特酒店·品坊餐厅,云贵菜,106.719615,26.58273
华美达安可酒店·印象 味道餐厅,云贵菜,106.78764,26.653066
卫城王马儿辣子鸡（花溪万科店）,云贵菜,106.67681,26.416164
鼎牛食府,云贵菜,106.723579,26.578782
黔味壹号,云贵菜,106.706019,26.522122
成都邓氏面馆,云贵菜,106.683141,26.442801
馨亮厨,云贵菜,106.721931,26.597658
南江峡谷醉贤居,云贵菜,107.004032,26.956681
苗王谷酸汤鱼酸汤牛肉,云贵菜,106.692903,26.442726
京御坊北京烤鸭,云贵菜,106.704173,26.586234
朋友圈时尚餐厅,云贵菜,106.677135,26.564446
奇香居,云贵菜,106.73678,26.590855
三天一味豆豉火锅（合肥路店）,云贵菜,106.647408,26.604158
黔牧云品（花果园店）,云贵菜,106.694085,26.57534
衛城·味城,云贵菜,106.787193,26.665011
侗家食府（水口寺店）,云贵菜,106.752164,26.582121
羊蝎子养生火锅,云贵菜,106.624382,26.651131
857烙锅（福州街店）,云贵菜,106.633741,26.613086
逸仙林食府,云贵菜,106.69296,26.580534
黔城小厨,云贵菜,106.725115,26.58927
一烙锅（盐务街店）,云贵菜,106.71877,26.601937
九道酸  酸汤火锅,云贵菜,106.787193,26.665011
黄山名门食府,云贵菜,106.741806,26.566224
新九龙私房菜,云贵菜,106.716697,26.581719
树厨地道黔菜餐厅（CCPark店）,云贵菜,106.656613,26.651865
梅園阿牛哥风味餐厅,云贵菜,106.689434,26.567337
大聚福酒楼,云贵菜,106.787193,26.665011
乡间几道菜,云贵菜,106.784535,26.642104
Dan但老鸭煲（花果园购物中心店）,云贵菜,106.69585,26.574591
龙大哥辣子鸡（多彩贵州城店）,云贵菜,106.79536,26.536381
黔牛宴（福建街店）,云贵菜,106.64757,26.614849
贵厨酸汤牛肉（花果园店）,云贵菜,106.690977,26.573904
六间房土菜馆（美乐城店）,云贵菜,106.625601,26.651599
之香唐（延安南路店）,云贵菜,106.679602,26.566554
西江凯里鹅肉粉（花果园店）,云贵菜,106.668796,26.565628
布依厨房柴火鸡,云贵菜,106.662781,26.596825
侗哥木楼,云贵菜,106.762783,26.600106
龙大哥辣子鸡（小河店）,云贵菜,106.701854,26.536037
水西肴,云贵菜,106.764756,26.607263
一家菜,云贵菜,106.710577,26.568669
卫城辣子鸡（花果园c区店）,云贵菜,106.69351,26.568347
息烽温泉林宝餐饮店,云贵菜,106.859291,27.202669
侗哥小黄牛,云贵菜,106.652822,26.645335
小马仔酒厨,云贵菜,106.722887,26.61464
梵羹·黔菜厨房,云贵菜,106.713807,26.559488
周氏特色土锅辣子鸡（大唐果店）,云贵菜,106.70987,26.527106
俏苗寨酸汤鱼（未来方舟店）,云贵菜,106.764756,26.607263
品一味主题私房菜,云贵菜,106.700661,26.57488
于苗子食府,云贵菜,106.92419,26.940104
知客园家,云贵菜,106.65988,26.654542
柴门九道菜,云贵菜,106.680776,26.424612
苗老头非常牛（天一广场店）,云贵菜,106.651323,26.623814
和顺乡情菜馆,云贵菜,106.626525,26.651924
版纳手抓饭,云贵菜,106.692176,26.573323
乐善轩湘菜馆,云贵菜,106.835786,26.626353
臻享私厨,云贵菜,106.724105,26.581188
约赞饺子（逸天城店）,云贵菜,106.729906,26.568808
王记老味道辣子鸡,云贵菜,106.725971,26.602848
黔香源辣子鸡（世纪金源购物中心）,云贵菜,106.562281,26.588072
樵夫餐饮大方沙坝烙锅店,云贵菜,106.68219,26.447229
酸汤丝娃娃,云贵菜,106.971262,27.062635
英雄堂柴火鸡,云贵菜,106.730535,26.610381
月母的餐桌,云贵菜,106.64224,26.651073
黔大师,云贵菜,106.684927,26.439609
娘家米汤饭（大营路店）,云贵菜,106.728438,26.604694
龍记大方豆干火锅,云贵菜,106.697951,26.574593
合和餐厅,云贵菜,106.698245,26.576571
李氏剔骨鸡.干锅牛肉（二戈寨店）,云贵菜,106.739392,26.516318
聂二哥干锅鹅掌翅（北京路店）,云贵菜,106.705758,26.593562
赵福位豆花鸡餐厅,云贵菜,106.794043,26.535763
时光味音乐餐厅,云贵菜,106.476699,26.567562
百花湖山水贵客生态山庄,云贵菜,106.498587,26.642654
黔为天（市北店）,云贵菜,106.714647,26.603387
好再来饭店,云贵菜,106.708763,26.527032
但但黔菜小馆（云岩万达广场店）,云贵菜,106.787193,26.665011
快乐时光餐厅（红边门店）,云贵菜,106.720788,26.597671
黔丝味酸汤丝娃娃（中大店）,云贵菜,106.727274,26.609995
黔食记牛得很,云贵菜,106.732201,26.594072
清江阁,云贵菜,106.728118,26.623524
蘑菇味,云贵菜,106.633027,26.634283
乡村土菜馆,云贵菜,106.626525,26.651924
黄南武阳朗辣子鸡,云贵菜,106.726382,26.611456
江南小院,云贵菜,106.703754,26.572461
曾记留一手特色烤鱼,云贵菜,106.729895,26.591872
万事吉断桥青椒河鱼（云岩万达广场店）,云贵菜,106.787193,26.665011
重庆德庄火锅（云岩万达店）,云贵菜,106.750689,26.626351
织金土烙锅,云贵菜,106.720764,26.585456
旱蒸牛肉·虾天下,云贵菜,106.658086,26.645432
水城烙霍霍烙锅,云贵菜,106.719635,26.526697
哈尼人家云贵肴,云贵菜,106.609533,26.623894
义门白家（鸿通城店）,云贵菜,106.71505,26.564692
长旺贵州·贵人坊,云贵菜,106.716718,26.599733
苗王食府,云贵菜,106.718989,26.526998
佬侨头酸汤苗寨,云贵菜,106.617406,26.615916
贵州回家吃饭,云贵菜,106.677093,26.564456
香辣园酒楼（水口寺店）,云贵菜,106.740922,26.579331
龙大哥辣子鸡（未来方舟店）,云贵菜,106.764756,26.607263
谢氏息烽阳朗辣子鸡,云贵菜,106.723139,26.568087
耀威羊肉馆,云贵菜,106.657812,26.645174
甲秀黔程茶博园休闲山庄,云贵菜,106.666649,26.505557
封红田息烽阳郎辣子鸡,云贵菜,106.64224,26.651073
龙大哥辣子鸡（亨特店）,云贵菜,106.726105,26.581378
朝黔门黔菜,云贵菜,106.794043,26.535763
依恋红汤丝娃娃（北尚华城店）,云贵菜,106.625356,26.698432
桥香园云南过桥米线（云上方舟店）,云贵菜,106.654782,26.65086
王掌门烙锅,云贵菜,106.647408,26.604158
毛毛乡村柴房,云贵菜,106.680831,26.62587
财门壹號北京烤鸭（白云店）,云贵菜,106.625051,26.69848
贵阳味道（小河店）,云贵菜,106.71831,26.525837
龙大哥辣子鸡（亚太中心店）,云贵菜,106.683731,26.572528
状元三宝牛肉（普陀路旗舰店）,云贵菜,106.720643,26.59582
夜郎谷生态园,云贵菜,106.653126,26.392707
赛维利亚休闲小聚餐厅（金阳店）,云贵菜,106.658564,26.643341
龚记正宗扎佐蹄髈（新添寨店）,云贵菜,106.774088,26.644806
云泥家常菜餐吧,云贵菜,106.722061,26.583861
黔聚德土菜馆,云贵菜,106.691269,26.569595
黔大哥活油烙锅（云潭南路店）,云贵菜,106.612129,26.617592
炙青岩·黔味碳烤（王家桥店）,云贵菜,106.747461,26.590375
东厨娘家菜,云贵菜,106.736,26.587256
黔灰妹小豆腐（会展店）,云贵菜,106.651428,26.64492
聚佰客餐厅,云贵菜,106.66571,26.728559
尝鹅滋味,云贵菜,106.719842,26.573153
回家的味道,云贵菜,106.479024,26.570652
七椒食府,云贵菜,106.664103,26.690081
我家土灶烧菜（总店）,云贵菜,106.663416,26.626843
連莊餐厅,云贵菜,106.72253,26.579935
柒悦私厨,云贵菜,106.718926,26.592287
黔味馆,云贵菜,106.607752,26.845203
息烽温泉农家菜馆,云贵菜,106.862987,27.205577
龙大哥辣子鸡,云贵菜,106.717055,26.579046
杨记花甲鱼滋味,云贵菜,106.702733,26.521311
渔滋源青椒鱼辣子鸡,云贵菜,106.65267,26.645496
吊歪烤吧,云贵菜,106.681894,26.415836
黔味峰银辣子鸡,云贵菜,106.620368,26.618826
拾穗阁餐饮山庄,云贵菜,106.908646,26.781787
福庭食府,云贵菜,106.706335,26.593942
大掌柜辣子鸡（多彩贵州城店）,云贵菜,106.794744,26.535532
土灶柴火鸡柴火鱼（油榨街店）,云贵菜,106.736857,26.56632
酸汤寨（酸汤鱼）,云贵菜,106.696993,26.537515
大嘴活油烙锅,云贵菜,106.636768,26.685943
老凯里苗伯妈特色牛滚烫,云贵菜,106.625929,26.647347
黔香源上关辣子鸡青椒河鱼（万达店）,云贵菜,106.61521,26.639353
蒸汽贵妃鱼,云贵菜,106.726803,26.853437
五方电竞酒店餐厅,云贵菜,106.723218,26.59293
不亦烙乎,云贵菜,106.48166,26.56087
云豆瑶三味豆花火锅（威清路旗舰店）,云贵菜,106.70511,26.591058
山典水餐厅,云贵菜,106.637911,26.652758
金芦笙小镇（宝山南路店）,云贵菜,106.733382,26.579657
您做煮特色餐饮,云贵菜,106.677639,26.557795
佳义小菜,云贵菜,106.715586,26.606908
施家菜,云贵菜,106.712318,26.592998
天柱特供血浆鸭,云贵菜,106.625566,26.652052
云溪牧羊村（花溪湿地公园店）,云贵菜,106.672999,26.440756
贵阳味道（未来方舟店）,云贵菜,106.770119,26.609045
永遇乐古风餐吧,云贵菜,106.723483,26.591889
南苑厨房花园餐厅,云贵菜,106.67958,26.422393
惠水黎松马肉馆,云贵菜,106.684369,26.521697
醉黔味黔菜馆,云贵菜,106.61521,26.639353
红海丝娃娃,云贵菜,106.684613,26.572144
定隆食尚水西全牛火锅,云贵菜,106.705917,26.57717
青岩土菜馆,云贵菜,106.673646,26.629466
丝聊热汤丝娃娃·煲来饱去,云贵菜,106.741864,26.588889
洪四辣子鸡,云贵菜,106.762783,26.600106
水上铁板烧（大学城照壁庭轩店）,云贵菜,106.644984,26.385458
夏黑子坛子鱼,云贵菜,106.788276,26.642076
大黔苗家,云贵菜,106.636649,26.688223
小黑李辣子鸡酒楼,云贵菜,106.708104,26.503596
一起回家吃饭（会展城店）,云贵菜,106.656792,26.648956
银杏家宴,云贵菜,106.746682,26.585446
毕节李记铁板烧（花果园金融街店）,云贵菜,106.694545,26.575237
泉湖小厨,云贵菜,106.624906,26.678222
农家杀猪饭（淮河路店）,云贵菜,106.702912,26.524034
包整（甲秀路店）,云贵菜,106.725683,26.578254
二味麻辣香锅（白云店）,云贵菜,106.637986,26.687345
大掌柜辣子鸡（二桥店）,云贵菜,106.686528,26.587813
秦家食府,云贵菜,106.637475,26.683995
time时光聚酒楼,云贵菜,106.717627,26.601397
老凯里苗家酸汤鱼,云贵菜,106.674701,26.62925
璞素家里菜（未来方舟店）,云贵菜,106.762783,26.600106
侗家工业餐厅,云贵菜,106.671314,26.397212
滇蘑菇·菌滋味（世纪金源店）,云贵菜,106.631903,26.60483
小骚厨房,云贵菜,106.721936,26.595794
泰和楼,云贵菜,106.682168,26.425202
碗碗香（多彩店）,云贵菜,106.794043,26.535763
黄南武阳朗辣子鸡（金阳中铁逸都店）,云贵菜,106.613233,26.615453
贵阳和悦丽呈酒店餐厅,云贵菜,106.657684,26.627691
全驴宴食府,云贵菜,106.731748,26.474829
太府司马烤鱼,云贵菜,106.722666,26.586828
老贵阳家常菜·黑豆花火锅,云贵菜,106.673646,26.629466
贵州农家土菜馆,云贵菜,106.674437,26.628932
张记木桶鱼（修文店）,云贵菜,106.609639,26.844245
贵盧•芳杜洲畔（逸天城店）,云贵菜,106.729656,26.568205
富雅酒楼,云贵菜,106.731064,26.601879
杨丫老鸭汤养生火锅（会展城店）,云贵菜,106.653559,26.645431
王记老息烽阳朗辣子鸡,云贵菜,106.634313,26.613922
李记黔味铁板烧（狮峰路店）,云贵菜,106.702335,26.577068
浮由森音乐餐厅,云贵菜,106.67681,26.416164
赤水黑豆花山野菜火锅,云贵菜,106.631669,26.678841
六间房黔灵生态园,云贵菜,106.703087,26.620819
一烙锅（友谊路店）,云贵菜,106.722155,26.597569
溪湘宴,云贵菜,106.672861,26.437062
徐记全牛宴（总店）,云贵菜,106.682915,26.413269
迎松寨,云贵菜,106.730022,26.494128
寻城记丝娃娃,云贵菜,106.69472,26.331348
庄客卤局·卤汤火锅烫菜（花果园店）,云贵菜,106.688437,26.566832
鼎罐城（龙洞堡店）,云贵菜,106.743941,26.507605
黔凤凰辣子鸡（鸿通城店）,云贵菜,106.714321,26.563562
小骚鸡,云贵菜,106.736557,26.571711
土司王府,云贵菜,106.783992,26.651549
潘潘小厨地道贵阳菜（金顶山店）,云贵菜,106.70005,26.579066
西苑锦润私房菜-餐饮部,云贵菜,106.702992,26.518393
冯记卤猪脚,云贵菜,106.697141,26.339905
南浦菜馆,云贵菜,106.731099,26.570183
吴记大定食府,云贵菜,106.778294,26.658293
明月楼,云贵菜,106.747475,26.59437
居家味城市自选快餐,云贵菜,106.725818,26.61415
丝恋红汤丝娃娃（国贸逸天城店）,云贵菜,106.730795,26.568852
小瑞厨房（万科店）,云贵菜,106.718265,26.528162
醉美黔味,云贵菜,106.726355,26.567217
想约回家吃饭（花果园店）,云贵菜,106.697075,26.576288
习水豆花烤鱼·红汤羊肉火锅,云贵菜,106.67172,26.59409
江来客餐厅入口,云贵菜,106.753634,26.455533
花果山休闲山庄,云贵菜,106.508387,26.54723
姜记四川留一手豆花烤鱼,云贵菜,106.619043,26.618639
林哥青岩味（学府里店）,云贵菜,106.669217,26.444344
胡阿姨骟鸡豆腐（渔安新城店）,云贵菜,106.747461,26.590375
修文县苗家侗寨餐饮中心,云贵菜,106.622042,26.844124
老字号土菜馆,云贵菜,106.719683,26.570229
小雅家常菜（逸天城店）,云贵菜,106.729656,26.568205
红辣椒陶氏丝娃娃（南国花锦店）,云贵菜,106.719573,26.588216
长桌贵州辣子鷄,云贵菜,106.656287,26.652058
放原土菜馆,云贵菜,106.637864,26.700524
盘江野生鱼（老阳关店）,云贵菜,106.664057,26.621075
晓味·炭火牛肉之贵阳嫩牛肉火锅（文昌北路店）,云贵菜,106.725428,26.589737
红福酒楼,云贵菜,106.658184,26.694252
惠水特色马肉,云贵菜,106.78368,26.649392
苗香侗味苗阿哥,云贵菜,106.652961,26.620209
余庆乡村地道味剔骨鸭,云贵菜,106.696277,26.537851
大掌柜黔味坊（嘉润路店）,云贵菜,106.731647,26.567656
金顶山夏家清水烫（美树阳光店）,云贵菜,106.715759,26.547233
文峰荟苑,云贵菜,106.712298,26.612052
凯里老街坊酸汤鱼,云贵菜,106.720786,26.570871
香江及第（金阳店）,云贵菜,106.626058,26.667761
万福土灶鸡,云贵菜,106.786892,26.642935
贵粤湾,云贵菜,106.650491,26.624119
福来酒馆,云贵菜,106.6949,26.336876
善厨庄园,云贵菜,106.758242,26.669816
恒府1993（文昌北路店）,云贵菜,106.725259,26.589211
大掌柜辣子鸡,云贵菜,106.723759,26.521577
宽坐,云贵菜,106.706226,26.545118
滇味原天麻竹荪火腿鸡（贵阳中铁逸都店）,云贵菜,106.619631,26.606924
众品鲜财院餐厅（贵惠路店）,云贵菜,106.708966,26.575769
土坛菜,云贵菜,106.690176,26.566188
黔御厨（盐务街店）,云贵菜,106.717838,26.606259
滋味生态餐厅,云贵菜,106.725385,26.710306
娘家米汤饭（飞山街店）,云贵菜,106.712876,26.586323
聚香居·余庆农家剔骨鸭,云贵菜,106.971411,27.061027
水家传說酸汤鱼,云贵菜,106.736425,26.566597
安顺私房菜馆,云贵菜,106.48759,26.568821
福汇香苗家土菜苗家酸汤鱼,云贵菜,106.652767,26.629041
九门拾味人文怀旧餐厅,云贵菜,106.720395,26.593189
黔城故事（小十字店）,云贵菜,106.724514,26.584075
缘聚园,云贵菜,106.707719,26.539797
乡村柴房,云贵菜,106.67832,26.661443
香辣园酒楼,云贵菜,106.658128,26.680589
巷子里的辣子鸡小龙虾,云贵菜,106.710476,26.595966
俏苗寨酸汤鱼（恒大新世界店）,云贵菜,106.626484,26.631353
黔味东南酸汤牛肉火锅（太平路一店）,云贵菜,106.718709,26.587617
烧包,云贵菜,106.721231,26.59469
维特兰德花园餐厅,云贵菜,106.683111,26.455904
老地方私房菜（警官学院店）,云贵菜,106.782232,26.557501
饱满膳山庄,云贵菜,106.507625,26.353944
灶房印象柴火鸡,云贵菜,106.733543,26.611906
十八碗酒楼,云贵菜,106.726085,26.567257
苗乡侗寨牛滚烫,云贵菜,106.641385,26.657519
黔贵肚条鸡,云贵菜,106.633386,26.612348
鑫旺重庆鸡公煲（绿地联盛店）,云贵菜,106.625713,26.652296
网开一店农村菜,云贵菜,106.731915,26.579038
彭厨（贵乌路店）,云贵菜,106.719577,26.60061
云南蒸汽石锅鱼,云贵菜,106.414385,26.590004
亮欢寨酸汤鱼（沙冲路店）,云贵菜,106.704106,26.547635
红天下酒楼（风雨桥店）,云贵菜,106.676365,26.563937
鸿福家宴,云贵菜,106.68032,26.699598
去长沙,云贵菜,106.631903,26.60483
莲香阁餐厅,云贵菜,106.704212,26.590547
阿杜炒蟹（龙虾，烧烤，海鲜未来方舟店）,云贵菜,106.631641,26.606769
雅牛坊画廊食府.烤全羊,云贵菜,106.671424,26.393788
黔鸭坊（大学城店）,云贵菜,106.642337,26.389193
青岩城南旧事,云贵菜,106.695105,26.332511
黔味印象土钵菜,云贵菜,106.71114,26.517028
龙大哥辣子鸡（白云店）,云贵菜,106.624906,26.678222
云天渔府,云贵菜,106.703615,26.545707
卫城王马儿辣子鸡,云贵菜,106.741676,26.570653
喜·欢食,云贵菜,106.652961,26.620209
海腾食坊（青岩店）,云贵菜,106.698284,26.337737
黔牛宴酸汤牛肉火锅（R区店）,云贵菜,106.687245,26.564009
君源牛滚烫,云贵菜,106.745511,27.10109
黔香园辣子鸡餐饮有限责任公司,云贵菜,106.729522,27.098614
夏黑子坛子鱼（贵乌店）,云贵菜,106.723723,26.60147
老省悘品味,云贵菜,106.72932,26.567204
70阁巧手私房菜,云贵菜,106.698702,26.575571
泉上·发现DISCOVERY （金融城店）,云贵菜,106.657615,26.65837
丁姨妈烙锅（花溪店）,云贵菜,106.681863,26.442566
大家丝事,云贵菜,106.679807,26.436316
樽畅·古风音乐酒馆,云贵菜,106.717722,26.529571
品鮮薈｜Savour Restaurant,云贵菜,106.632788,26.637365
怪噜范·老贵阳街头名小吃（云上方舟店）,云贵菜,106.654782,26.65086
人剧无名卤汤馆（万达直营店）,云贵菜,106.615587,26.638012
中兴世家酒店餐厅,云贵菜,106.715192,26.516598
土巴寨酸汤鱼,云贵菜,106.673924,26.546478
故乡柴火烧鸡,云贵菜,106.609551,26.84345
义门白家（南国花锦店）,云贵菜,106.719573,26.588216
福贵轩,云贵菜,106.694557,26.338442
老街坊凯里酸汤鱼,云贵菜,106.641824,26.682455
黔灰妹小豆腐（金融城店）,云贵菜,106.609533,26.623894
新食代烙锅小镇,云贵菜,106.708238,26.529423
西部苗香牛滚烫,云贵菜,106.659782,26.654941
滇蘑菇.山珍坊（未来方舟店）,云贵菜,106.770697,26.608707
宁记小厨SeaBlue,云贵菜,106.708761,26.584356
刘记剔骨鸭,云贵菜,106.761768,26.619834
李老大阳朗辣子鸡,云贵菜,106.999276,27.087723
梧桐人家,云贵菜,106.717718,26.537215
重庆乡村柴火鸡,云贵菜,106.998071,27.053808
酒说茅台文化主题餐厅,云贵菜,106.65558,26.624407
宴苗乡,云贵菜,106.722997,26.525899
桃源印象,云贵菜,106.802116,26.903036
五阿哥特色干锅鹅掌翅,云贵菜,106.678153,26.454152
黄氏土菜馆（柴火鸡）,云贵菜,106.627643,26.688422
仡佬源民族文化大酒楼,云贵菜,106.656602,26.620639
黔风味,云贵菜,106.672913,26.386289
卫城王马儿辣子鸡（小河总店）,云贵菜,106.688895,26.514797
世纪颐和大酒店,云贵菜,106.616076,26.847239
中环酒楼（中环国际店）,云贵菜,106.47275,26.564067
留一手烤鱼（大南门店）,云贵菜,106.723678,26.578785
杨政云美食,云贵菜,106.719704,26.585197
卫城王马儿辣子鸡（鸿通城店）,云贵菜,106.714321,26.563562
重庆特色烤鱼,云贵菜,106.717155,26.588029
宾汇轩私房菜,云贵菜,106.741717,26.566254
新联酒店餐饮部,云贵菜,106.725613,26.600878
山林家宴酒楼,云贵菜,106.691068,26.5726
萌叔辣子鸡黔味馆,云贵菜,106.691125,26.555016
黔味家宴,云贵菜,106.764756,26.607263
泉上海鲜粥（汇金星力城店）,云贵菜,106.708831,26.587551
园田居食府,云贵菜,106.769134,26.650388
我家私房菜,云贵菜,106.699245,26.57966
亮欢寨·快活林酸汤鱼（世纪金源店）,云贵菜,106.63214,26.60475
滇蘑菇（美的店）,云贵菜,106.658951,26.645132
贵阳格兰云天国际酒店（太极中餐厅）,云贵菜,106.719817,26.535366
青苹果餐厅,云贵菜,106.644984,26.385458
大山地生态厨房（红树东方店）,云贵菜,106.48917,26.564644
塞纳左岸咖啡音乐主题西餐厅（会展城店）,西餐,106.655842,26.642433
尊品牛排（中大国际店）,西餐,106.726787,26.610645
多纳多披萨&牛排（花溪店）,西餐,106.672999,26.440756
骊珠汇本鮨日料·西餐·清吧,西餐,106.697656,26.575934
COMMUNE（CCPark店）,西餐,106.657832,26.652099
贵州饭店西餐厅,西餐,106.715924,26.600396
玛格利塔披萨（小十字店）,西餐,106.726991,26.583559
塔可匠墨西哥餐厅（逸天城店）,西餐,106.729656,26.568205
玛法小镇美式汉堡餐厅（水岸广场店）,西餐,106.691045,26.554626
IN TOWN 隐堂Bar&Grill,西餐,106.731589,26.572446
Moxie莫可思手工披萨（澳马步行街店）,西餐,106.649497,26.685927
萨贝尔意式餐厅（花果园店）,西餐,106.69585,26.574591
百特喜·意大利餐厅（汇金店）,西餐,106.708831,26.587551
漫食花园·红酒牛排馆,西餐,106.72021,26.585276
两岸咖啡（未来方舟店）,西餐,106.768207,26.608808
百特喜·意大利餐厅（逸天城店）,西餐,106.729656,26.568205
泡楼披萨（花果园店）,西餐,106.698302,26.576792
汉堡王（贵阳鸿通城店）,西餐,106.714321,26.563562
Woody Bistro·屋邸,西餐,106.762783,26.600106
华莱士·全鸡汉堡（清华店）,西餐,106.685982,26.440579
心座,西餐,106.625713,26.652296
肴呈Gastronome餐厅,西餐,106.738159,26.56957
尊宝比萨（会展城店）,西餐,106.633707,26.636894
吃货密码牛排工厂店,西餐,106.71586,26.583481
托麦克斯西餐厅酒吧,西餐,106.727131,26.584862
蒲道酒窖,西餐,106.709762,26.587934
素心阁（会展城店）,西餐,106.65757,26.65837
正點牛排,西餐,106.727798,26.577168
夏图,西餐,106.711485,26.590272
德克士（广和店）,西餐,106.704177,26.589921
爱衣手工披萨（万科大都会店）,西餐,106.718265,26.528162
桃良语秀蔓咖啡馆,西餐,106.690679,26.573151
爱衣手工比萨（中大国际店）,西餐,106.726869,26.61068
豪享来牛排·中式简餐（花溪店）,西餐,106.682282,26.442708
La Casa意大利餐厅红酒窖,西餐,106.711447,26.59474
乔治·戴维森,西餐,106.770317,26.653307
享维度红酒咖啡馆,西餐,106.719687,26.589929
翼宝·意式手工披萨,西餐,106.696126,26.576966
黎先森的店（逸天城店）,西餐,106.729656,26.568205
维多利亚咖啡厅,西餐,106.725995,26.57822
纽菲诗欢乐休闲餐厅,西餐,106.721607,26.584356
普罗旺斯西餐厅,西餐,106.716186,26.5646
时光果木牛扒主题餐厅,西餐,106.645805,26.61462
西西里意式餐厅（金阳TPmall店）,西餐,106.628172,26.608736
半糖咖啡馆花园式音乐餐吧,西餐,106.971262,27.062635
MIMO（南国花锦店）,西餐,106.719573,26.588216
吾贵铁板烧(南国花锦店),西餐,106.719573,26.588216
长大以后榴莲披萨（CCPark店）,西餐,106.656613,26.651865
凯宾斯基大酒店·普拉那啤酒坊（护国路店）,西餐,106.724816,26.581343
品客牛排（花果园店）,西餐,106.694571,26.576166
米茶小站,西餐,106.688437,26.566832
阿堡仔炸鸡汉堡（百花山店）,西餐,106.730284,26.604183
台湾夜市牛排（喷水池店）,西餐,106.718249,26.589096
如晤阳光西餐厅,西餐,106.629739,26.607604
长大以后榴莲披萨（云岩万达店）,西餐,106.787193,26.665011
最时光西餐厅（高原明珠店）,西餐,106.48473,26.566988
柏拉图休闲餐厅,西餐,106.681758,26.443515
台北帮厨牛排. 自助沙拉吧（金源店）,西餐,106.609533,26.623894
喜来登贵航酒店·顶峰意大利餐厅,西餐,106.720853,26.576963
岬舍,西餐,106.726268,26.578078
摩卡蜜悦,西餐,106.474369,26.566864
冰绿阁,西餐,106.668949,26.565784
幸运披萨LUCKY PIECE PIZZA（鸿通城店）,西餐,106.714321,26.563562
上岛咖啡（清镇店）,西餐,106.491745,26.561177
美乐·西餐厅,西餐,106.718693,26.58826
初客牛排（修文店）,西餐,106.608381,26.846747
F+轻食健身赋能空间,西餐,106.718237,26.590475
德克士（新添大道店）,西餐,106.787193,26.665011
尤克里里手工披萨餐厅（海纳广场店）,西餐,106.708763,26.527032
大师披萨,西餐,106.67641,26.559123
左岸食尚牛排自助餐厅,西餐,106.617652,26.85641
速度披萨（贵阳旗舰店）,西餐,106.785691,26.547124
萨特思Pizza披萨,西餐,106.763606,26.591904
山水餐厅,西餐,106.630139,26.676921
荟雲台空中花园西餐厅,西餐,106.721126,26.586774
爵士牛排（兰花广场店）,西餐,106.687695,26.567048
长大以后榴莲比萨（印象城店）,西餐,106.680878,26.596647
S-pizza披萨速递（花果园t区店）,西餐,106.680031,26.568165
Villa天台咖啡餐厅,西餐,106.701146,26.575737
创客咖啡厅,西餐,106.799562,26.653292
蒸新食意（花果园店）,西餐,106.690176,26.566188
Ketchup新美式西餐厅（亨特店）,西餐,106.72525,26.580721
萨贝尔意式餐厅（乌当店）,西餐,106.787193,26.665011
哈尼袋鼠亲子餐厅（云岩万达店）,西餐,106.750689,26.626351
尊宝比萨（新世界店）,西餐,106.623615,26.630074
上岛咖啡（印象城店）,西餐,106.562281,26.588072
苏思贝尔法式自助牛排（小十字店）,西餐,106.721607,26.584356
原木里咖啡,西餐,106.678718,26.565449
尤克里里（观山湖万达店）,西餐,106.609533,26.623894
非里.餐吧,西餐,106.731703,26.572126
上岛咖啡旗舰店（东原财富广场店）,西餐,106.655113,26.642361
TNT 音乐餐吧,西餐,106.698539,26.576328
UNSPACE大隐店,西餐,106.724675,26.587465
Liquid Workshop·液体工坊,西餐,106.717912,26.588966
谁的咖啡WHOSECOFFEE（未来方舟旗舰店）,西餐,106.771763,26.609937
珑栖·卓越西餐,西餐,106.655433,26.650041
欢乐休闲餐厅（鸿通城店）,西餐,106.714321,26.563562
欧巴韩式料理,西餐,106.821641,26.644292
佰酿Gastronome西餐厅,西餐,106.723431,26.580271
莫兰咖啡,西餐,106.687673,26.567073
上岛咖啡（中环国际店）,西餐,106.453576,26.574721
S-pizza披萨速递（世纪城店）,西餐,106.651421,26.615643
佐客牛排（东门桥店）,西餐,106.491295,26.564236
塞纳左岸咖啡（天一国际店）,西餐,106.649828,26.623406
科斯塔法式牛排西餐厅,西餐,106.661697,26.422891
上岛咖啡（紫林庵店）,西餐,106.710567,26.587959
西客牛排（鸿通城店）,西餐,106.714321,26.563562
两岸咖啡（建勘店）,西餐,106.626575,26.631561
萨客思披萨汉堡,西餐,106.722416,26.583789
西典咖啡私慕烘焙,西餐,106.609721,26.845966
Dolce Amore朵琪阿莫勒意式生活馆,西餐,106.718395,26.605737
记忆咖啡休闲棋牌室,西餐,106.639597,26.686045
万福来金冠西饼屋,西餐,106.729522,26.564908
普树音乐餐吧,西餐,106.718476,26.595842
圣玛扎诺意式餐厅（新华路店）,西餐,106.473115,26.556431
Kegking生啤焖烤串吧•深夜食堂（CCpark店）,西餐,106.656613,26.651865
E咖啡中西餐厅,西餐,106.623636,26.698006
yesgood 亦好咖啡厅,西餐,106.656114,26.642913
雅斯特法式牛排自助餐厅,西餐,106.978579,27.060388
维特兰德花园餐厅,西餐,106.683111,26.455904
vanille香草肆集西餐厅,西餐,106.71819,26.58022
圣保罗巴西烤肉,西餐,106.719839,26.57337
饼房手记,西餐,106.708812,26.587558
LaFiesta无国界料理音乐餐吧,西餐,106.71969,26.595248
尊宝比萨（大十字店）,西餐,106.720957,26.581066
知悉 Ciel Lounge,西餐,106.762783,26.600106
四季牛排馆,西餐,106.785691,26.547124
长大以后榴莲比萨（梵华里店）,西餐,106.629627,26.673155
派乐汉堡,西餐,106.617406,26.615916
上岛咖啡（未来方舟店）,西餐,106.764756,26.607263
La maison家园红酒品窖餐吧,西餐,106.701707,26.57595
云谊1995,西餐,106.719615,26.58273
长大以后榴莲比萨（乌当店）,西餐,106.78109,26.640551
倬餐厅,西餐,106.737361,26.566947
客多福一品鲜牛,西餐,106.672937,26.629061
喀斯特塞纳左岸西餐厅,西餐,106.627586,26.621134
柒家猫咪主题咖啡馆（亨特店）,西餐,106.726108,26.581955
德克士（中华中路店）,小吃快餐,106.719472,26.589156
还可以酸汤肉末粉（小十字店）,小吃快餐,106.724379,26.583759
来盘小龙虾,小吃快餐,106.678959,26.56373
正新鸡排（贵诚店）,小吃快餐,106.970047,27.0664
小小雅烫菜·麻辣烫,小吃快餐,106.686744,26.564964
芝流士（贵阳鸿通城店）,小吃快餐,106.715666,26.564416
贵爷肉卷王（延安东路店）,小吃快餐,106.723754,26.59139
马路边边麻辣烫（世纪金源店）,小吃快餐,106.628172,26.608736
朱冬升糯米饭（市北路店）,小吃快餐,106.7147,26.604326
杨姨妈丝娃娃（花溪店）,小吃快餐,106.672999,26.440756
赵记传承（花果园店）,小吃快餐,106.697484,26.574797
俏庭院小龙虾,小吃快餐,106.72624,26.613749
金必轩（青岩店）,小吃快餐,106.694607,26.338242
降龍爪爪（鸿通城店）,小吃快餐,106.71505,26.564692
闵四遵义羊肉粉（福州街店）,小吃快餐,106.633346,26.612365
耿歡喜剁椒拌饭公司（亨特店）,小吃快餐,106.726502,26.581963
青春里俱乐部（花溪店）,小吃快餐,106.684198,26.442054
妖大妈卤味坊（大营店）,小吃快餐,106.728677,26.605021
虾井龙虾（汇金店）,小吃快餐,106.711761,26.588327
滋百浓牛排杯,小吃快餐,106.764335,26.608296
BuerCafe不二咖啡,小吃快餐,106.785403,26.64091
四季冒菜（荟溪城店）,小吃快餐,106.681717,26.436216
江南院坝小龙虾（花果园店）,小吃快餐,106.69918,26.5767
唐记煌小郡肝串串香,小吃快餐,106.702435,26.575298
石灰市李串串重庆火锅（百花路店）,小吃快餐,106.47566,26.584126
多美味,小吃快餐,106.971257,27.062651
海鲜遇上面（蘑菇城店）,小吃快餐,106.761425,26.591201
天府棒棒鸡（小河店）,小吃快餐,106.710115,26.528759
辣家私厨,小吃快餐,106.722156,26.592985
喵哩咖猫咪主题猫咖饮品屋,小吃快餐,106.688798,26.56555
乡村基（新世界店）,小吃快餐,106.636667,26.66627
BADROOM,小吃快餐,106.715034,26.582829
小食跡竹签烤肉（世纪金源店）,小吃快餐,106.645805,26.61462
六年一班麻辣烫（小河万科店）,小吃快餐,106.719241,26.525426
小黎竹签烤肉,小吃快餐,106.733609,26.597083
福泉小花仙鸡火锅,小吃快餐,106.69236,26.568615
黔城时光,小吃快餐,106.769421,26.606478
金顶山夏家清水烫会所,小吃快餐,106.720514,26.588663
遵义虾子张六羊肉粉（普陀路店）,小吃快餐,106.718472,26.595748
滋味鲜盱眙小龙虾（未来方舟店）,小吃快餐,106.772374,26.609266
华莱士·全鸡汉堡（清华店）,小吃快餐,106.685982,26.440579
鳛里城市生态餐厅,小吃快餐,106.562281,26.588072
美滋鲜盱眙小龙虾,小吃快餐,106.698302,26.576792
黔阿牛菌汤牛肉粉全牛火锅,小吃快餐,106.716415,26.590084
杨铭宇黄焖鸡米饭,小吃快餐,106.701205,26.576081
记忆故事小郡肝串串香火锅店（中环国际店）,小吃快餐,106.477523,26.561988
磨乡缘乡村石磨豆花（小河万科店）,小吃快餐,106.721399,26.527018
红茶之翼（中大国际购物中心店）,小吃快餐,106.726869,26.61068
馋猫卤点（国贸逸天城店）,小吃快餐,106.729656,26.568205
匠人制虾（胡家铁签牛肉）,小吃快餐,106.72369,26.585363
造作烘焙工作室,小吃快餐,106.689434,26.567337
胖子烤肉,小吃快餐,106.611072,26.611706
虾友记,小吃快餐,106.70014,26.574844
北方菜饺子馆,小吃快餐,106.657763,26.646707
亦乐·精酿餐吧,小吃快餐,106.725995,26.57822
万家干锅·烤鱼（花果园店）,小吃快餐,106.692079,26.567905
天府棒棒鸡（北京路店）,小吃快餐,106.718349,26.601428
礼记抢粉,小吃快餐,106.715263,26.583538
还可以酸汤肉末粉（市北路店）,小吃快餐,106.714724,26.604179
安顺老王家特色裹卷（师大附中店）,小吃快餐,106.726967,26.591223
钰烽金榜蹄名（花果园店）,小吃快餐,106.694328,26.574916
杨政云美食,小吃快餐,106.719704,26.585197
香十里龙虾王海鲜大咖,小吃快餐,106.7197,26.59522
束记湄潭特色小吃,小吃快餐,106.69067,26.563948
桥香园云南过桥米线（云上方舟店）,小吃快餐,106.654782,26.65086
鲜炖坊,小吃快餐,106.686787,26.565984
新派火锅米线,小吃快餐,106.964616,27.067795
谢记姐妹卤味串串,小吃快餐,106.721231,26.59469
蜗牛先森,小吃快餐,106.720808,26.594588
禾香麦田煲仔饭（中大国际店）,小吃快餐,106.726762,26.61068
百味记小郡肝砂锅串串,小吃快餐,106.631903,26.60483
真熙家·韩式料理·拌饭（观山湖店）,小吃快餐,106.615587,26.638012
弹丸滋地,小吃快餐,106.718303,26.527305
大斌家串串火锅（小河平桥店）,小吃快餐,106.707067,26.521
酉夋米分小吃店（未来方舟店）,小吃快餐,106.762783,26.600106
合江黑豆花火锅（万科店）,小吃快餐,106.719635,26.526697
来福幺铺毛肚牛肉乌江片片鱼,小吃快餐,106.702776,26.519282
西江凯里鹅肉粉（花果园店）,小吃快餐,106.668796,26.565628
P3619 （小十字店）,小吃快餐,106.721716,26.582925
鲜源龙虾馆（花溪店）,小吃快餐,106.675915,26.436883
久留米关东煮（鸿通城店）,小吃快餐,106.71505,26.564692
德亮卤鹅，烧鸭烧鹅，牛肉丸，粥，粉，广东肠粉,小吃快餐,106.717868,26.560733
大家丝事,小吃快餐,106.679807,26.436316
遵义虾子羊肉粉,小吃快餐,106.694571,26.576166
约赞饺子（逸天城店）,小吃快餐,106.729906,26.568808
蒸蛮记特色蒸腊肉（南街店）,小吃快餐,106.975061,27.061707
孙姥姥手工水饺,小吃快餐,106.690259,26.560336
牛味王,小吃快餐,106.639763,26.613424
胖姐私房秘制牙签牛肉,小吃快餐,106.741349,26.624137
闵四牛肉粉火锅,小吃快餐,106.626375,26.642552
阑琚·酒舍（清镇君悦国际店）,小吃快餐,106.476655,26.567562
一只小饭团,小吃快餐,106.718011,26.588121
福吧豆米火锅（海纳广场店）,小吃快餐,106.707067,26.521
花序寿司（世纪金源购物中心店）,小吃快餐,106.632909,26.60379
虾路相逢小龙虾（花溪公园店）,小吃快餐,106.672729,26.440756
大李堂串串（小十字店）,小吃快餐,106.722084,26.583706
哆哆基,小吃快餐,106.625713,26.652296
灶门签串串香火锅,小吃快餐,106.708711,26.587704
植物咖啡,小吃快餐,106.657549,26.653987
筋豆云,小吃快餐,106.719573,26.588216
老贵阳牛肉粉（友谊路店）,小吃快餐,106.723483,26.591889
江味龙虾馆,小吃快餐,106.713062,26.569603
喜膳成都小郡肝串串香,小吃快餐,106.693546,26.575206
貂蝉冒菜（绿地店）,小吃快餐,106.625432,26.651757
功夫卤味,小吃快餐,106.708763,26.527032
餓大頭糯米饭（小河店）,小吃快餐,106.714067,26.528314
八月咖啡房子,小吃快餐,106.723264,26.577618
8号花园餐厅,小吃快餐,106.71865,26.559973
余庆姊妹剔骨鸭,小吃快餐,106.723364,26.578644
喜园豆米火锅,小吃快餐,106.68011,26.566075
尊宝比萨（花果园店）,小吃快餐,106.690977,26.573904
栖园咖啡,小吃快餐,106.689434,26.567337
千里山卤鸭（青云路店）,小吃快餐,106.717216,26.572221
古道蹄香,小吃快餐,106.694614,26.33436
牛煌尚牛肉粉,小吃快餐,106.72622,26.594312
蓉李記川味小馆,小吃快餐,106.719573,26.588216
创客咖啡厅,小吃快餐,106.799562,26.653292
情缘休闲吧,小吃快餐,106.60778,26.847353
素粉先森LOVE酸汤拌饭,小吃快餐,106.693546,26.575206
客瑞仕CRICHI韩式炸鸡,小吃快餐,106.708166,26.58999
包整（甲秀路店）,小吃快餐,106.725683,26.578254
阿堡仔炸鸡汉堡（乌当店）,小吃快餐,106.75189,26.631931
思念小龙虾,小吃快餐,106.70468,26.590885
黔丝味酸汤丝娃娃（中大店）,小吃快餐,106.727274,26.609995
台资味（万科店）,小吃快餐,106.717638,26.528752
Q滋味甜品欧包店（喷水池店）,小吃快餐,106.720514,26.588663
狂食堂小龙虾,小吃快餐,106.687961,26.565741
以撒吐司·牛腩,小吃快餐,106.726502,26.581963
旦3蛋烘糕（梵华里店）,小吃快餐,106.629627,26.673155
拿手,小吃快餐,106.715853,26.600331
尊宝比萨（会展城店）,小吃快餐,106.633707,26.636894
丈母娘私房菜（万科店）,小吃快餐,106.719635,26.526697
成都邓氏面馆,小吃快餐,106.683141,26.442801
青岩城南旧事,小吃快餐,106.695105,26.332511
杨姨妈丝娃娃（八鸽岩路店）,小吃快餐,106.708347,26.599128
美一杯,小吃快餐,106.71505,26.564692
小叮铛手工烘焙,小吃快餐,106.6937,26.575318
鲸语剧本咖啡,小吃快餐,106.693033,26.569037
梦时代涮烤锅食汇,小吃快餐,106.688798,26.56555
魏虾神龙虾·香辣蟹（云岩店）,小吃快餐,106.721202,26.59295
黔牛宴酸汤牛肉火锅（小河店）,小吃快餐,106.702772,26.520448
拾麦丝娃娃（云上方舟店）,小吃快餐,106.654782,26.65086
N多寿司（花溪公园店）,小吃快餐,106.683141,26.442801
安妮泰迪de炸鱼薯条,小吃快餐,106.634325,26.414338
正忠卤猪脚,小吃快餐,106.354854,26.765224
盱眙李氏龙虾,小吃快餐,106.723488,26.585014
樱野寿司（小河店）,小吃快餐,106.706019,26.522122
布鲁精品咖啡,小吃快餐,106.706019,26.522122
巧二娘螺蛳粉,小吃快餐,106.710875,26.587661
宏旺串串火锅,小吃快餐,106.721513,26.579887
众羡狼外婆卤锅串串（美的林城直营店）,小吃快餐,106.656781,26.648355
米诺手工烘焙坊,小吃快餐,106.682377,26.434299
六年一班麻辣烫（花果园店）,小吃快餐,106.67641,26.559123
邓记转角牛童子骨牛肉火锅,小吃快餐,106.715694,26.606896
还可以酸汤肉末粉（金融城店）,小吃快餐,106.651136,26.656604
领秀路边麻辣烫（孟关1店）,小吃快餐,106.753847,26.41066
遇见咖啡,小吃快餐,106.772009,26.635796
贵员外·梦想烙锅大排档,小吃快餐,106.673646,26.629466
马路边边麻辣烫（乌当店）,小吃快餐,106.769006,26.63611
人剧无名卤汤馆（龙港百盛西楼店）,小吃快餐,106.71795,26.588235
猫屎咖啡(花果园店),小吃快餐,106.698167,26.575422
义门白家（鸿通城店）,小吃快餐,106.71505,26.564692
油篓街小郡肝串串香,小吃快餐,106.641259,26.683568
寻城记丝娃娃,小吃快餐,106.69472,26.331348
辑仔坊鲜奶（碧海店）,小吃快餐,106.627664,26.630656
娘子情原味云南过桥米线（世纪金源店）,小吃快餐,106.631882,26.604986
扎佐钢管厂小郡肝串串香,小吃快餐,106.725877,26.853912
四季红习水豆腐皮火锅,小吃快餐,106.97156,27.063674
萨客思披萨汉堡,小吃快餐,106.722416,26.583789
冯记卤猪脚,小吃快餐,106.697141,26.339905
蒙自源过桥米线（观山湖万达店）,小吃快餐,106.62326,26.630413
你家厨房（花果园店）,小吃快餐,106.697806,26.573996
正新鸡排（同心西路店）,小吃快餐,106.638476,26.68841
麦鲜基炸鸡汉堡（三角花园店）,小吃快餐,106.48166,26.56087
上岛咖啡（紫林庵店）,小吃快餐,106.710567,26.587959
小飞生煎（万科大都会店）,小吃快餐,106.719635,26.526697
丝聊热汤丝娃娃·煲来饱去,小吃快餐,106.741864,26.588889
福贵轩,小吃快餐,106.694557,26.338442
学霸鲜果茶,小吃快餐,106.718921,26.592076
龙胡子卤汤馆（中大店）,小吃快餐,106.726787,26.610645
成都黄手艺冒菜（大西门店）,小吃快餐,106.712482,26.584663
华仔龙虾（永乐路总店）,小吃快餐,106.716272,26.59561
周签签锅巴土豆（中天CCPARK店）,小吃快餐,106.657832,26.652099
熊猫有空火锅串串（铜锣湾店）,小吃快餐,106.717742,26.581744
烙小天·石磨现蒸米皮（逸天城店）,小吃快餐,106.729906,26.568808
小满手作,小吃快餐,106.729656,26.568205
杨老二老牌砂锅酸辣烫,小吃快餐,106.727855,26.615978
多多烤肉脆皮鸡拌饭（缤纷广场店）,小吃快餐,106.706019,26.522122
王家丝娃娃（南明南门店）,小吃快餐,106.69294,26.337897
李先生牛肉面大王（火车站店）,小吃快餐,106.713495,26.562218
雷家豆腐圆子（贵阳市总店）,小吃快餐,106.719325,26.591008
蚝村长烤鲜蚝,小吃快餐,106.71586,26.583481
姐妹酸辣麻辣清水烫,小吃快餐,106.723681,26.584393
拾光三味川派小吃集（贵阳观山湖店）,小吃快餐,106.609533,26.623894
螺鼎记螺蛳粉（师大店）,小吃快餐,106.730254,26.5846
居家味城市自选快餐,小吃快餐,106.725818,26.61415
鸡星格炸鸡小吃（时光贵州店）,小吃快餐,106.473125,26.582115
茶花古道,小吃快餐,106.629877,26.665321
空集咖啡馆（太平路店）,小吃快餐,106.718629,26.587686
签翻·随你火锅,小吃快餐,106.684855,26.571614
米饭盒子（中大国际店）,小吃快餐,106.726787,26.610645
派乐汉堡,小吃快餐,106.617406,26.615916
柴老弟素粉馆（网红美食城店）,小吃快餐,106.693795,26.57523
La Casa意大利餐厅红酒窖,小吃快餐,106.711447,26.59474
快乐番薯（南明花果园店）,小吃快餐,106.69368,26.570771
山妹手工水饺,小吃快餐,106.690977,26.573904
众羡狼外婆卤锅串串（花果园直营店）,小吃快餐,106.694165,26.576117
年代咖啡（碧海花园店）,小吃快餐,106.626615,26.629134
光头龙虾,小吃快餐,106.719241,26.525426
新路边摊（鸿通城店）,小吃快餐,106.715666,26.564416
思飨季（鸿通城店）,小吃快餐,106.71505,26.564692
朱阿姨卤味（友谊路店）,小吃快餐,106.72152,26.597504
时光茶语时尚餐吧,小吃快餐,106.629249,26.606372
魏家香酥鸭（海通店）,小吃快餐,106.477252,26.559244
那年那班火锅,小吃快餐,106.723428,26.585988
新食代烙锅小镇,小吃快餐,106.708238,26.529423
喻知味大师脆皮叉烧,小吃快餐,106.720953,26.591205
虾路相逢小龙虾（花溪总店）,小吃快餐,106.717239,26.554151
百味记小郡肝砂罐串串（中央公园店）,小吃快餐,106.478624,26.566025
虾王蟹将小龙虾（会展城店）,小吃快餐,106.652057,26.643352
丝兄丝妹苗家酸辣烫,小吃快餐,106.721607,26.584356
成都康二姐冷热锅串串,小吃快餐,106.716565,26.58087
一面春风,小吃快餐,106.970403,27.066717
尊宝比萨（大十字店）,小吃快餐,106.720957,26.581066
降龙爪爪（花果园店）,小吃快餐,106.697656,26.575934
井格重庆火锅（云岩万达广场店）,小吃快餐,106.78759,26.654517
江渔天下乌江豆腐鱼,小吃快餐,106.675746,26.588048
繁花十里锡纸花甲粉,小吃快餐,106.692898,26.56817
滋味鲜盱眙小龙虾（金阳店）,小吃快餐,106.634313,26.613922
点兵点将·四川传统小吃集（贵阳店）,小吃快餐,106.719635,26.526697
汉堡王（贵阳鸿通城店）,小吃快餐,106.714321,26.563562
吉合烤饼（中大国际店）,小吃快餐,106.727104,26.609927
恋鱼家酸菜鱼（亨特店）,小吃快餐,106.725639,26.583174
520香辣虾（时光贵州店）,小吃快餐,106.48166,26.56087
叹骨头,小吃快餐,106.71596,26.58374
庄客卤局·卤汤火锅烫菜（花果园店）,小吃快餐,106.688437,26.566832
西街食府,小吃快餐,106.689431,26.337228
食过尽签80后记忆火锅串串,小吃快餐,106.778526,26.638918
阿杜炒蟹（龙虾，烧烤，海鲜青云路店）,小吃快餐,106.722177,26.57081
壹口鲜砂锅酸辣烫,小吃快餐,106.637738,26.608838
庾氏龙虾（中天花园店）,小吃快餐,106.787193,26.665011
江氏留一手烤鱼香辣小龙虾,小吃快餐,106.701258,26.57571
周记牛杂,小吃快餐,106.985976,27.052291
云杰庄,小吃快餐,106.689415,26.56641
魏氏家园粤港菜馆（北站店）,小吃快餐,106.649125,26.628545
憨叁砂锅串串,小吃快餐,106.631641,26.606769
叉图牛排,小吃快餐,106.787193,26.665011
甜甜尚品重庆火锅串串（花果园旗舰店）,小吃快餐,106.68992,26.563879
马路边边麻辣烫（花溪店）,小吃快餐,106.671197,26.416293
老犟烤肉拌饭,小吃快餐,106.970443,27.060418
徐小弟龙虾（陕西路店）,小吃快餐,106.720757,26.59222
大钳脚武汉油焖大虾（圆通街店）,小吃快餐,106.720155,26.586741
余千味饭团（海纳广场店）,小吃快餐,106.708763,26.527032
重庆串串香火锅,小吃快餐,106.645805,26.61462
岭头羊水城羊肉粉,小吃快餐,106.722413,26.585615
酸汤丝娃娃,小吃快餐,106.971262,27.062635
一烙锅（友谊路店）,小吃快餐,106.722155,26.597569
玉学家烫菜也乎店（也乎店）,小吃快餐,106.723736,26.591969
吃吃吧酸汤圆子,小吃快餐,106.722228,26.590974
兀岛烧肉丼饭,小吃快餐,106.669217,26.444344
好吃佬油焖大虾,小吃快餐,106.683528,26.439246
寻味屋旋转小火锅,小吃快餐,106.698888,26.575868
巷子里的辣子鸡小龙虾,小吃快餐,106.710476,26.595966
真熙兄妹紫菜包饭（花果园购物中心店）,小吃快餐,106.69585,26.574591
巷子里重庆火锅串串,小吃快餐,106.709695,26.529162
左姨妈鼎罐酸辣烫（青云路店）,小吃快餐,106.722056,26.570768
尚谷咖啡,小吃快餐,106.739484,26.519897
虾你一跳,小吃快餐,106.720395,26.593189
黔牧云品（花果园店）,小吃快餐,106.694085,26.57534
小郡肝串串香（万达店）,小吃快餐,106.615587,26.638012
一品龙虾,小吃快餐,106.710287,26.572195
赤水腊猪脚,小吃快餐,106.723182,26.578812
知稻手工粉,小吃快餐,106.719573,26.588216
麦德基,小吃快餐,106.739379,26.516414
文和友龙虾馆（陕西路旗舰店）,小吃快餐,106.71994,26.593619
斜对门麻辣烫,小吃快餐,106.643358,26.653147
虾井龙虾（未来方舟店）,小吃快餐,106.764025,26.607125
黄手艺麻辣烩馆（观山湖万达广场店）,小吃快餐,106.615587,26.638012
香丝黔味（印象里店）,小吃快餐,106.616753,26.592941
仟禧咖啡,小吃快餐,106.677135,26.564446
金不换黔菜馆,小吃快餐,106.674701,26.62925
金钰坊北京烤鸭（美乐城店）,小吃快餐,106.626525,26.651924
四季U海鲜大咖,小吃快餐,106.681991,26.429066
北巷串坊,小吃快餐,106.726106,26.58663
夜上浓妆·自酿吧,小吃快餐,106.720938,26.58642
米饭盒子（国贸逸天城店）,小吃快餐,106.730004,26.568504
有福肉燕小吃店,小吃快餐,106.991408,27.056074
谢氏息烽阳朗辣子鸡,小吃快餐,106.723139,26.568087
陆师傅砂锅烫菜（圆通街店）,小吃快餐,106.721578,26.588463
隆江猪脚饭（花果园总店）,小吃快餐,106.683632,26.583837
榴六六烤榴莲,小吃快餐,106.721272,26.589898
王记老味道辣子鸡,小吃快餐,106.725971,26.602848
还阔以S级冒菜,小吃快餐,106.710134,26.525827
遵义虾子张六羊肉粉（财富广场店）,小吃快餐,106.676269,26.561728
七少爷的店,小吃快餐,106.720953,26.591205
妞妞猫花生卷冰淇淋,小吃快餐,106.714321,26.563562
百瑞斯塔小小庭院咖啡馆,小吃快餐,106.476861,26.556345
黄金烧,小吃快餐,106.714321,26.563562
顺得楼,小吃快餐,106.704054,26.575251
重庆咏熹老鸭汤（民大店）,小吃快餐,106.626312,26.380753
云南嘻玛尚座过桥米线（CCpark店）,小吃快餐,106.65902,26.651966
签翻串串火锅店,小吃快餐,106.714544,26.585075
老味道遵义虾子羊肉粉（兴关路店）,小吃快餐,106.718678,26.566026
阿香米线（万科店）,小吃快餐,106.719635,26.526697
壹串串,小吃快餐,106.714248,26.58612
线上花甲,小吃快餐,106.693795,26.57523
吃好港式烧腊饭柳州螺蛳粉,小吃快餐,106.698735,26.577668
赵百万辣子鸡（c区店）,小吃快餐,106.692317,26.567398
花花白·甜冰粉辣小鲜（中大国际店）,小吃快餐,106.726869,26.61068
廖记棒棒鸡（花果园店）,小吃快餐,106.69585,26.574591
LaFiesta无国界料理音乐餐吧,小吃快餐,106.71969,26.595248
人饭滋,小吃快餐,106.69375,26.569737
老粥皇餐厅,小吃快餐,106.714206,26.590267
红腾火锅串串（小十字店）,小吃快餐,106.722413,26.585615
搞得饱火锅店,小吃快餐,106.625713,26.652296
小黑哥石磨黑豆花,小吃快餐,106.762783,26.600106
老长沙小龙虾烤鱼,小吃快餐,106.629249,26.606372
尤克里里手工披萨餐厅（海纳广场店）,小吃快餐,106.708763,26.527032
紫墨酒馆（花果园店）,小吃快餐,106.697951,26.574593
点兵点将•四川传统小吃集（贵阳旗舰店）,小吃快餐,106.634947,26.612479
六年一班麻辣烫（云岩店）,小吃快餐,106.723901,26.603244
缤慕网红咖啡厅,小吃快餐,106.689415,26.56641
漫食花园·红酒牛排馆,小吃快餐,106.72021,26.585276
名家紫菜包饭（师大店）,小吃快餐,106.729115,26.59479
阿香米线（南明砂之船店）,小吃快餐,106.785691,26.547124
余家厨房,小吃快餐,106.698087,26.335952
红腾小郡肝（万江小区店）,小吃快餐,106.72736,26.616194
花姐姐丝娃娃小吃吧,小吃快餐,106.719437,26.568788
烤鲜生,小吃快餐,106.721442,26.584319
柴楊素粉（十七店）,小吃快餐,106.694571,26.576166
徐小弟龙虾（花果园店）,小吃快餐,106.699237,26.574997
茶物语（海纳广场店）,小吃快餐,106.708763,26.527032
三年2班食堂串串火锅（御府壹号店）,小吃快餐,106.47698,26.574511
重庆鸡公煲,小吃快餐,106.610303,26.845124
冯兵伟腊汁肉夹馍,小吃快餐,106.694545,26.575237
邵福记梅菜扣肉饼（鸿通城购物中心店）,小吃快餐,106.714321,26.563562
马老幺市井鲜火锅（万科店）,小吃快餐,106.719635,26.526697
湖北味道霸道虾（贵阳店）,小吃快餐,106.646818,26.615374
苗姨妈砂锅酸辣烫,小吃快餐,106.676709,26.470687
真美味冒菜香锅,小吃快餐,106.689269,26.553538
小铁门烫菜,小吃快餐,106.744912,26.589086
怪噜范·老贵阳街头名小吃（世纪金源购物中心店）,小吃快餐,106.632861,26.604128
从虾开始,小吃快餐,106.698351,26.575683
云寿司,小吃快餐,106.628195,26.637214
北京饺子馆（黔灵西路店）,小吃快餐,106.716152,26.592664
小奶狗·奶茶·宠咖,小吃快餐,106.687673,26.567073
1串时光麻辣烫,小吃快餐,106.686983,26.567566
牛人碳火烧肉酒场,小吃快餐,106.730535,26.610381
兴义袁老妈羊肉粉,小吃快餐,106.721126,26.586774
翻腾吧拌饭,小吃快餐,106.693546,26.575206
花屿（花果园店）,小吃快餐,106.693391,26.574195
串根香麻辣涮（小十字店）,小吃快餐,106.724789,26.584736
德克士（广和店）,小吃快餐,106.704177,26.589921
牛华八婆火锅串串（小十字店）,小吃快餐,106.722296,26.583289
亚群家汤锅羊肉粉（花果园店）,小吃快餐,106.686098,26.571747
螺鼎记螺蛳粉（世纪金源店）,小吃快餐,106.658164,26.645357
钢管厂五区后门串串,小吃快餐,106.978579,27.060388
马路边边麻辣烫（小河店）,小吃快餐,106.718121,26.528685
多多烤肉脆皮鸡拌饭（兰花广场店）,小吃快餐,106.688437,26.566832
柴楊素粉（师大店）,小吃快餐,106.72802,26.591743
餓大頭糯米饭（市北路店）,小吃快餐,106.714558,26.605305
好快螺柳州螺蛳粉（大西门店）,小吃快餐,106.715338,26.583678
愚小二酸菜鱼米饭,小吃快餐,106.62507,26.652362
赵姨妈卤猪脚,小吃快餐,106.696728,26.340235
解嘴馋小龙虾（金阳红街店）,小吃快餐,106.625582,26.642386
黑泷堂（云岩万达店）,小吃快餐,106.750689,26.626351
领秀路边麻辣烫（天一国际2店）,小吃快餐,106.649748,26.627547
深夜烤场,小吃快餐,106.685428,26.561853
思念酸辣烫（观山湖绿地店）,小吃快餐,106.625566,26.652052
禾香麦田煲仔饭（大十字店）,小吃快餐,106.726053,26.569161
大南串串香（大南门店）,小吃快餐,106.722466,26.579227
郑家拐角店（拐角店）,小吃快餐,106.694973,26.340024
玺月贡茶鸡排（银座店）,小吃快餐,106.724571,26.570969
黔五福（威清店）,小吃快餐,106.709506,26.592517
壹张·饼（银海元隆店）,小吃快餐,106.709879,26.598253
开心花甲,小吃快餐,106.709611,26.527898
皇港美食会,小吃快餐,106.71114,26.517028
杨姨妈丝娃娃（花果园店）,小吃快餐,106.698302,26.576792
荒糖甜品（花果园店）,小吃快餐,106.695915,26.573899
金鼎山数签签清水烫,小吃快餐,106.696077,26.566204
火锅米线（花果园店）,小吃快餐,106.694085,26.57534
咖喱屋（中大国际购物中心店）,小吃快餐,106.726869,26.61068
寿司小镇（鸿通城店）,小吃快餐,106.713495,26.562218
缤果时光（哈哈镜花果园店）,小吃快餐,106.691911,26.573772
盱眙阿祖龙虾店（花果园店）,小吃快餐,106.693391,26.574195
留香鹅干锅鹅掌翅,小吃快餐,106.683577,26.427229
圆通街飘香筒子骨汤菜,小吃快餐,106.737566,26.57209
幺雞鸡飯,小吃快餐,106.726787,26.610645
雨桐猫咪咖啡,小吃快餐,106.726108,26.581955
红位道重庆老火锅,小吃快餐,106.625713,26.652296
一道龙虾馆,小吃快餐,106.714149,26.583147
红姐酸辣烫（学府里店）,小吃快餐,106.664105,26.447468
泉上·潮汕砂锅粥,小吃快餐,106.65902,26.651966
秋楼陈记排骨,小吃快餐,106.688249,26.564304
蒸蛮记浏阳蒸菜,小吃快餐,106.652057,26.643352
奇香居,小吃快餐,106.73678,26.590855
遵义胖子烤鱼烧烤,小吃快餐,106.644984,26.385458
串根香麻辣涮（花果园店）,小吃快餐,106.691816,26.56344
来客小馆·贵州传统特色小吃店,小吃快餐,106.493008,26.57781
尊宝比萨（世纪金源店）,小吃快餐,106.639106,26.604468
但家香酥鸭（花溪店）,小吃快餐,106.683761,26.439162
心座,小吃快餐,106.625713,26.652296
龙胡子卤汤馆（花果园店）,小吃快餐,106.693073,26.569098
郭鸡片传味钵钵鸡,小吃快餐,106.631882,26.604986
记忆咖啡休闲棋牌室,小吃快餐,106.639597,26.686045
佐冷馋·串串香·老火锅（梵华里店）,小吃快餐,106.625316,26.673328
明·阁楼丝娃娃,小吃快餐,106.714638,26.563582
捞不甘旋转小火锅店,小吃快餐,106.690977,26.573904
弹丸滋地（鸿通城店）,小吃快餐,106.714321,26.563562
雲尚咖啡,小吃快餐,106.717855,26.607443
李记黄焖鸡米饭（龙贤苑店）,小吃快餐,106.609533,26.623894
朱大脚美食城,小吃快餐,106.714683,26.563457
胖子烤肉,小吃快餐,106.743176,26.623516
舌尖上的冒菜,小吃快餐,106.71838,26.577826
巷子小龙虾,小吃快餐,106.698772,26.579207
黔味一脚（嘉禾路店）,小吃快餐,106.715425,26.590325
老贵阳麻辣烫公司,小吃快餐,106.718989,26.526998
马路边边麻辣烫（白云店）,小吃快餐,106.639135,26.682682
好快螺正宗柳州螺蛳粉（富水路三店）,小吃快餐,106.723609,26.585704
禾心清真粑粑匠（恒峰步行街店）,小吃快餐,106.714351,26.583717
德克士（新添大道店）,小吃快餐,106.787193,26.665011
这里有猫主题猫咖（恒峰店）,小吃快餐,106.716083,26.580324
浔鱻虾棠,小吃快餐,106.725895,26.588249
小院坝重庆串串火锅,小吃快餐,106.729832,26.591549
岩石咖啡,小吃快餐,106.72253,26.579935
重庆印象火锅,火锅,106.636167,26.611876
潮牛庄园鲜牛肉火锅（鸿通城店）,火锅,106.714321,26.563562
醉美苗侗老凯里酸汤鱼（西城大院店）,火锅,106.474423,26.574634
渝先生重庆鲜品火锅,火锅,106.693546,26.575206
花房老卤火锅（鸿通城店）,火锅,106.714321,26.563562
聂二哥干锅鹅掌翅（盐务街店）,火锅,106.715548,26.60704
古法米汤·老火锅,火锅,106.713062,26.569603
吴铭怀旧火锅（金阳世纪城店）,火锅,106.634313,26.613922
拿渡麻辣香锅（小河店）,火锅,106.707781,26.528372
搞得饱火锅店,火锅,106.625713,26.652296
鲤·精膳料理,火锅,106.731973,26.571872
六味源豆皮火锅（花溪红阳店）,火锅,106.683588,26.424651
大队长火锅,火锅,106.620564,26.623367
悠然小院,火锅,106.722392,26.583259
重庆胖子烂老火锅（四小店）,火锅,106.483266,26.560127
嘉陵老灶头市井老火锅,火锅,106.652822,26.645335
韩氏胖子烧鱼,火锅,106.638377,26.613158
牛霸一方,火锅,106.63964,26.606208
重庆赵二老火锅,火锅,106.582777,29.561605
福吧豆米火锅（海纳广场店）,火锅,106.707067,26.521
珍味鲜野生菌火锅（会展城店）,火锅,106.652875,26.645259
那都不是锅港式打边炉（旗舰店）,火锅,106.724308,26.583746
牛师傅独味乌江片片鱼,火锅,106.720514,26.588663
拾味馆砂锅骨汤（恒峰步行街店）,火锅,106.715263,26.583538
舟小渔美蛙鱼头（花果园店）,火锅,106.694571,26.576166
腾福记大方火锅（会展城店）,火锅,106.653403,26.645331
贵阳万丽酒店百味餐厅,火锅,106.631412,26.649892
贤合庄卤味火锅,火锅,106.689415,26.56641
胡子哥餐厅,火锅,106.723906,26.582542
张姨妈香辣蹄花猪脚火锅,火锅,106.692976,26.574304
花果园空中餐厅牛皇叔自助烧烤,火锅,106.690176,26.566188
刘大哥烤羊腿,火锅,106.720643,26.59582
贵山大酒店餐厅,火锅,106.721126,26.586774
黔渔湾蒸汽石锅鱼,火锅,106.689434,26.567337
毛辣果,火锅,106.723371,26.581712
金钰坊北京烤鸭（美乐城店）,火锅,106.626525,26.651924
泰古里泰式海鲜火锅,火锅,106.725121,26.579732
豪丽酒楼（大营路店）,火锅,106.728456,26.604865
兰桂轩（旗舰店）,火锅,106.720009,26.571534
祥瑞来·滩羊宴（八匹马店）,火锅,106.630158,26.643704
贞丰姐妹火锅,火锅,106.725631,26.590351
黔牛庄干锅牛肉,火锅,106.729276,26.591109
重庆邓鸭肠老火锅（大南店）,火锅,106.721513,26.579887
味鲜习水豆腐皮火锅,火锅,106.714267,26.584208
魏氏息烽阳郎鸡火锅（陕西路店）,火锅,106.720438,26.594033
史记记忆火锅（恒峰店）,火锅,106.715346,26.583709
向天歌清汤鹅,火锅,106.706271,26.573456
小智锅锅香（百花山店）,火锅,106.728546,26.605487
红位道重庆老火锅,火锅,106.625713,26.652296
泸州黑豆花,火锅,106.682939,26.426807
黄小铭绝味烤鱼（沙冲路店）,火锅,106.711418,26.554769
马老幺市井鲜火锅（万科店）,火锅,106.719635,26.526697
舒记特色干锅火锅,火锅,106.623833,26.639722
苗岭侗寨,火锅,106.693546,26.575206
那都不是锅港式打边炉（万科印象城店）,火锅,106.629163,26.603399
老土罐牛肉火锅,火锅,106.723458,26.585866
林家豆米火锅,火锅,106.72371,26.585073
老匠铜锅涮羊肉火锅,火锅,106.698302,26.576792
八方牛客（四方河店）,火锅,106.692019,26.534781
重庆刘一手火锅（多纳多店）,火锅,106.683761,26.442839
寻味屋旋转小火锅,火锅,106.698888,26.575868
苗外婆凯里酸汤鱼,火锅,106.629597,26.683588
门庭院（沙冲路店）,火锅,106.709593,26.553646
蜀味往事美蛙鱼头,火锅,106.656504,26.681777
余庆姊妹剔骨鸭,火锅,106.723364,26.578644
重庆缘老火锅（时光贵州店）,火锅,106.473364,26.583845
白象街重庆老火锅（未来方舟店）,火锅,106.772598,26.608961
贵阳李氏息烽阳朗鸡,火锅,106.721525,26.58451
南粥北面（纪念塔店）,火锅,106.727182,26.569433
拐角楼,火锅,106.72574,26.584619
三牦记•涮烤一体火锅（小河店）,火锅,106.708238,26.529423
食不厌精,火锅,106.70511,26.591058
成都黄手艺冒菜（大西门店）,火锅,106.712482,26.584663
好牛道全牛馆（绿地店）,火锅,106.625127,26.65147
老土灶柴火鸡,火锅,106.786306,26.651446
滇老头土菜馆,火锅,106.729809,26.605929
川味美蛙鱼头,火锅,106.676188,26.632056
腩福人家,火锅,106.629597,26.683588
城门老火锅,火锅,106.699595,26.559245
酸菜腊肉豆米,火锅,106.713543,26.590231
苗王谷酸汤鱼酸汤牛肉,火锅,106.692903,26.442726
家之味清镇豆豉火锅,火锅,106.689776,26.569923
重庆石锅鱼,火锅,106.78292,26.548943
嗨的欢自助火锅,火锅,106.692496,26.568799
大院卤味烫菜啃骨头,火锅,106.7204,26.596088
椰语江南海南椰子鸡（云岩万达店）,火锅,106.787193,26.665011
贵阳小米辣土鸡绿头鸭火锅店,火锅,106.637864,26.700524
上新·港式打边炉 @花胶鸡专门店,火锅,106.656613,26.651865
黔东来·扎佐蹄膀（乌当店）,火锅,106.774824,26.636745
重庆太安鱼庄（平桥店）,火锅,106.672999,26.440756
渔香岛美蛙鱼头火锅（威清路店）,火锅,106.706199,26.591669
旮旮头重庆老火锅（小十字店）,火锅,106.720098,26.584855
成都三茅屋土灶柴火鸡,火锅,106.707093,26.444718
煮意皇牛鲜牛肉火锅（都司路店）,火锅,106.7181,26.579045
红香居火锅,火锅,106.709545,26.571691
松柏山生态保护示范基地水上餐厅,火锅,106.581132,26.406528
柒秒•瞿先生鱼馆（花果园总店）,火锅,106.68852,26.566843
都市·新大新豆米火锅（恒峰店）,火锅,106.712578,26.58379
贵州老家黔味馆,火锅,106.7046,26.532728
渔香岛美蛙鱼头火锅（花果园店）,火锅,106.690977,26.573904
呱呱叫田鸡火锅,火锅,106.627634,26.630045
老花土菜馆,火锅,106.637388,26.683925
杨丫老鸭汤养生火锅（威清路店）,火锅,106.707932,26.591515
味鲜习水特色豆腐皮火锅,火锅,106.719636,26.57272
久久香豆腐皮火锅（贵惠路店）,火锅,106.706181,26.573457
渔香岛美蛙鱼头火锅（会展城店）,火锅,106.652057,26.643352
花溪清汤鹅,火锅,106.671747,26.439482
唐记豆米火锅店,火锅,106.73023,26.591746
杨丫老鸭汤养生火锅（R区财富广场店）,火锅,106.676365,26.563937
人剧无名卤汤馆（龙港百盛西楼店）,火锅,106.71795,26.588235
原林野生菌火锅店,火锅,106.665691,26.416548
土风豆米火锅（陕西路店）,火锅,106.720928,26.591899
原生态豆花鹅肉火锅,火锅,106.776693,26.635653
金记猪肚炖鸡,火锅,106.678153,26.454152
滇味源天麻竹荪火腿鸡火锅（黔城天街店）,火锅,106.490764,26.561192
艺厨鲜汤鱿鱼炖土鸡,火锅,106.692079,26.567905
西江传说,火锅,106.804359,26.644738
王记老味道好汉鸡财火鸡,火锅,106.725818,26.61415
黔味牛荘全牛火锅（喷水池店）,火锅,106.718693,26.58826
黄记煌三汁焖锅（鸿通城店）,火锅,106.714321,26.563562
牛滋味老凯里酸汤牛肉（未来方舟店）,火锅,106.764756,26.607263
大伯娘风味辣子鸡,火锅,106.735789,26.611958
亮欢寨快活林酸汤鱼（曹状元街店）,火锅,106.721983,26.578709
石龙渔村,火锅,106.743763,27.098219
卢记土鸡土鹅野生菌火锅,火锅,106.653559,26.645431
黄记煌三汁焖锅（花果园店）,火锅,106.696312,26.575194
蜀锦香厕所串串,火锅,106.715156,26.565083
雪桃大方豆干火锅馆,火锅,106.70339,26.5753
凯里苗王快活林酸汤鱼,火锅,106.72259,26.58678
包谷岭凯里酸汤鱼,火锅,106.772581,26.641042
八哥药膳肚包鸡,火锅,106.771809,26.638607
黄记煌三汁焖锅（世纪金源店）,火锅,106.609533,26.623894
宏源山庄,火锅,106.619965,26.6454
膳香源天麻药膳鸡（蓑草路店）,火锅,106.7323,26.566329
鸿运阁食府,火锅,106.728457,26.599333
范家豆米火锅,火锅,106.638546,26.6123
聚和香驴肉（清水江路店）,火锅,106.71114,26.517028
黔湘荟（石标路店）,火锅,106.64211,26.656355
雅阁食府,火锅,106.778457,26.636995
丽江铜锅牛肉,火锅,106.632589,26.637335
久锅私房菜,火锅,106.72143,26.589896
土鸡爆大虾,火锅,106.678153,26.454152
幺哥息烽阳朗辣子鸡,火锅,106.704392,26.518675
唐记惠水干锅马肉,火锅,106.693553,26.568554
新凯里酸汤鱼（飞山街店）,火锅,106.715185,26.585902
会丰阁干香脆肚（云岭中路店）,火锅,106.470462,26.563526
一绝干香脆肚,火锅,106.704132,26.520193
赤水黑豆花山野菜火锅（锦江路店）,火锅,106.703454,26.52056
广东阿罗猪肚鸡,火锅,106.700024,26.519912
壹家福营养火锅,火锅,106.731226,26.585528
云之南滇味民俗餐厅（威清路店）,火锅,106.709435,26.591974
铂美酒店西月岛餐厅,火锅,106.714543,26.578532
半山乌江鱼,火锅,106.722886,26.575604
喜羊羊酸汤鲜羊肉,火锅,106.701447,26.575596
苗家酸汤鱼,火锅,106.661491,26.661962
卫城王马儿辣子鸡（中天店）,火锅,106.737377,26.618755
幺铺328号毛肚火锅（时光贵州店）,火锅,106.475978,26.58472
傻江重庆老火锅,火锅,106.723468,26.584212
三天一味豆鼓火锅（未来方舟店）,火锅,106.771763,26.609937
成都光头蟹（威清路店）,火锅,106.708953,26.592294
阿牛锅牛肉火锅烤鱼店,火锅,106.717764,26.555756
旱蒸牛肉·虾天下,火锅,106.658086,26.645432
小背篓野生菌,火锅,106.646958,26.608791
黄南武阳朗辣子鸡（温泉店）,火锅,106.862554,27.205146
原汤全牛宴火锅（时光贵州店）,火锅,106.607938,26.60488
醉妖源重庆火锅（2020营业）,火锅,106.703269,26.575393
凯里苗寨酸汤鱼,火锅,106.674701,26.62925
李氏剔骨鸡.干锅牛肉（二戈寨店）,火锅,106.739392,26.516318
幺铺陈氏千味毛肚,火锅,106.718705,26.862585
龍记大方豆干火锅,火锅,106.697951,26.574593
聚源房成都老火锅,火锅,106.662011,26.422016
湖畔苗家老凯里酸汤鱼,火锅,106.673849,26.629988
老阿姨虾酸牛肉,火锅,106.689415,26.56641
周三哥牛肉馆,火锅,106.767581,26.634625
渔滋源青椒鱼辣子鸡,火锅,106.65267,26.645496
三天一味黔西豆豉活菜（中建华府店）,火锅,106.708156,26.581545
西部苗乡牛滚烫（未来方舟店）,火锅,106.762783,26.600106
御厨房苗家酸汤鱼,火锅,106.69638,26.574376
赤水黑豆花山野菜火锅（百花新城店）,火锅,106.472604,26.585995
放牛郎全牛馆（青云路店）,火锅,106.721854,26.5703
潮百年雅制火锅（观山湖万达店）,火锅,106.615587,26.638012
袍哥老火锅,火锅,106.735838,26.572658
金顶山夏家清水烫（美树阳光店）,火锅,106.715759,26.547233
田记余庆剔骨鸭,火锅,106.646958,26.608791
苗老头非常牛（金融城店）,火锅,106.655581,26.656481
杨记秀芬毛肚火锅,火锅,106.617406,26.615916
老辣·贵阳铁签烤肉（中大国际购物中心店）,火锅,106.726869,26.61068
牙巴丝丝犇羴鱻,火锅,106.644984,26.385458
玺鸿厨老火锅,火锅,106.778223,26.636582
余庆山村剔骨鸭,火锅,106.732159,26.566956
黔味家宴,火锅,106.764756,26.607263
甜甜尚品重庆火锅串串（花果园旗舰店）,火锅,106.68992,26.563879
四季香约美蛙鱼头（白云店）,火锅,106.656885,26.66617
姜记习水特色豆腐皮火锅,火锅,106.682959,26.42933
福吧豆米火锅（万科店）,火锅,106.717936,26.52608
贵阳老树子香辣虾,火锅,106.722865,26.58927
鸿利来酒楼,火锅,106.656748,26.694187
牛鼎罐靓汤坊火锅（花溪万宜店）,火锅,106.684927,26.439609
小龙坎老火锅（鸿通城店）,火锅,106.714321,26.563562
食在牛全牛自助火锅,火锅,106.787193,26.665011
三不牛腩（万达店）,火锅,106.615587,26.638012
黔味东南酸汤牛肉火锅（太平路一店）,火锅,106.718709,26.587617
黔东老家酸汤鱼酸汤牛肉,火锅,106.739379,26.516414
欧记酸菜腊肉豆米火锅,火锅,106.679807,26.436316
乐尚酸汤牛肉,火锅,106.741864,26.588889
苗岭侗寨酸汤鱼（小河缤纷广场店）,火锅,106.706019,26.522122
捞丸滑鲜牛肉火锅,火锅,106.615587,26.638012
老字号荆州牛肉火锅,火锅,106.62352,26.638718
斜对门麻辣烫,火锅,106.643358,26.653147
十三椒老坛酸菜鱼（汇安店）,火锅,106.708238,26.529423
壹串串,火锅,106.714248,26.58612
建国泡椒鸡（金清路店）,火锅,106.513557,26.584844
土羊阁,火锅,106.76697,26.635769
小龙坎老火锅（花果园店）,火锅,106.69368,26.570771
善厨庄园,火锅,106.758242,26.669816
裕丰豆米火锅（印象城店）,火锅,106.562281,26.588072
渝莊小院重庆火锅,火锅,106.687843,26.563533
鼎轩美蛙鱼头,火锅,106.68011,26.566075
醉苗侗凯里酸汤鱼（护国路店）,火锅,106.724188,26.579117
余庆特色剔骨鸭,火锅,106.689415,26.56641
祥瑞来•滩羊宴,火锅,106.656381,26.647359
爷门串串,火锅,106.716793,26.585316
重庆德庄火锅（观山湖万达店）,火锅,106.562281,26.588072
孙灶房,火锅,106.627022,26.638118
重庆舒炳记老火锅,火锅,106.69888,26.575618
舟小渔美蛙鱼头（息烽店）,火锅,106.74532,27.100118
知客园家,火锅,106.65988,26.654542
二年级自助火锅,火锅,106.682212,26.446852
老腾鱼酱酸,火锅,106.724956,26.569991
缘味老凯里酸汤火锅,火锅,106.644984,26.385458
井格重庆火锅（云岩万达广场店）,火锅,106.78759,26.654517
老凯里酸汤鱼十年老店,火锅,106.672807,26.629737
味来疯重庆火锅（未来方舟店）,火锅,106.764756,26.607263
黔小豆豆米火锅,火锅,106.739339,26.517264
重庆周鸭血火锅,火锅,106.674437,26.628932
熊居林重庆老火锅,火锅,106.664502,26.695255
土家风味豆米火锅（喀斯特公园店）,火锅,106.627586,26.621134
大渝火锅（贵阳云岩万达店）,火锅,106.750689,26.626351
辣道重庆火锅,火锅,106.641751,26.485804
领秀路边麻辣烫（天一国际2店）,火锅,106.649748,26.627547
金稻谷火锅城,火锅,106.775784,26.632266
灶房老味火锅,火锅,106.762783,26.600106
梦时代涮烤锅食汇,火锅,106.688798,26.56555
福满居火锅楼,火锅,106.730535,26.610381
倒拐香耗儿鱼（花果园店）,火锅,106.69585,26.574591
成都金土豆老妈砂锅串串香,火锅,106.712925,26.592312
喜膳成都小郡肝串串香,火锅,106.693546,26.575206
布依土味豆豉火锅,火锅,106.718265,26.528162
吴家豆米火锅,火锅,106.677639,26.557795
孙氏合江豆花饭庄,火锅,106.981808,27.058822
姐妹酸辣麻辣清水烫,火锅,106.723681,26.584393
土家风味豆米火锅（万科公园5号店）,火锅,106.705758,26.593562
酷渔·鲜料鱼火锅（恒峰店）,火锅,106.715346,26.583709
贾记扎佐特色酸菜蹄髈,火锅,106.714427,26.590083
北京涮羊肉火锅老城一锅羊蝎子（文昌北路店）,火锅,106.726387,26.588469
惠水特色干锅马肉（中建华府店）,火锅,106.732493,26.609265
山上人家山庄老土灶柴火鸡,火锅,106.758454,26.633346
刘记萝卜鸡火锅,火锅,106.723974,26.579482
泓源青椒断桥鱼,火锅,106.702148,26.573068
杨丫老鸭汤养生火锅（会展城店）,火锅,106.653559,26.645431
胡阿姨骟鸡豆腐（渔安新城店）,火锅,106.747461,26.590375
重庆灶房鲜品火锅,火锅,106.649828,26.623406
云南天麻火腿鸡,火锅,106.677392,26.691448
小小河边鱼,火锅,106.771315,26.634073
赵记冰粉,火锅,106.679807,26.436316
苗乡牛滚塘全牛馆,火锅,106.691959,26.568101
金顶山独味乌江片片鱼,火锅,106.699999,26.581352
川越帝国老火锅,火锅,106.660274,26.645214
重庆德庄火锅（云岩万达店）,火锅,106.750689,26.626351
花溪特色干锅鹅掌翅,火锅,106.633016,26.407534
嘎佬傳説古法酸汤,火锅,106.522015,26.579752
裕丰豆米火锅（星力银海元隆广场店）,火锅,106.710479,26.598389
菌满堂野生菌,火锅,106.617406,26.615916
大红重庆老火锅,火锅,106.731889,26.59419
民心潮牛潮汕牛肉火锅,火锅,106.654391,26.645352
鹅一锅（金阳店）,火锅,106.646401,26.61094
心艾泰味融合餐厅,火锅,106.654782,26.65086
深巷音乐餐厅,火锅,106.646004,26.387521
呼伦贝尔涮羊肉烤羊排,火锅,106.718028,26.538518
司马烤鱼·小豆腐,火锅,106.626262,26.642992
宴苗乡,火锅,106.722997,26.525899
拾界餐厅,火锅,106.762783,26.600106
周姐番茄鸡火锅（会展城店）,火锅,106.652057,26.643352
东园脆鲩,火锅,106.626729,26.653372
美颜素胡椒猪肚鸡汤,火锅,106.693443,26.567558
香香豆米火锅（三中店）,火锅,106.611518,26.846787
傻呼呼鱼馆（花果园店）,火锅,106.684614,26.56219
聂二哥干锅鹅掌翅（北京路店）,火锅,106.705758,26.593562
重庆喳喳老火锅（君悦国际店）,火锅,106.481572,26.560861
重庆骑龙火锅,火锅,106.719966,26.597209
008香辣虾,火锅,106.718023,26.525835
7号花园餐厅,火锅,106.674664,26.629419
大哥重庆老火锅,火锅,106.609533,26.623894
正渝70年代老火锅,火锅,106.627586,26.621134
川府柴火鸡（玉厂路店）,火锅,106.700961,26.559015
舒家大院重庆火锅（花溪店）,火锅,106.671655,26.432667
烟火拾柴藤椒酸菜鱼自助火锅,火锅,106.714321,26.563562
九道酸  酸汤火锅,火锅,106.787193,26.665011
潮百年雅制火锅（云岩大上海万达店）,火锅,106.787193,26.665011
亮欢寨酸汤鱼（沙冲路店）,火锅,106.704106,26.547635
溢樂打边炉,火锅,106.720356,26.590345
领秀路边麻辣烫（孟关1店）,火锅,106.753847,26.41066
听画•意境生态养生火锅,火锅,106.72253,26.579935
小吖飞鸭爪爪特色火锅总店,火锅,106.780782,26.640119
牛香天下牦牛馆（白云店）,火锅,106.641491,26.688613
渔味源（西城大院店）,火锅,106.474423,26.574634
邓老三黄焖羊肉,火锅,106.66236,26.599461
黔诚酸汤牛肉（甲秀楼2.0店）,火锅,106.72244,26.579912
重庆香久缘火锅,火锅,106.62554,26.648624
蜀不梵火锅系列5D餐厅,火锅,106.645573,26.387147
四四方圆习水豆腐皮火锅（蔡家关店）,火锅,106.664628,26.567029
三天一味豆豉火锅（陕西路旗舰店）,火锅,106.719743,26.594451
黔阿牛菌汤牛肉粉全牛火锅,火锅,106.716415,26.590084
牛鼎记盘县牛肉,火锅,106.618755,26.62606
全羊居,火锅,106.717708,26.606539
让你更牛鲜牛肉火锅（鸿通城店）,火锅,106.714321,26.563562
马路边边麻辣烫（乌当店）,火锅,106.769006,26.63611
五秒涮生鱼,火锅,106.747461,26.590375
照菊牛杂火锅,火锅,106.657812,26.645174
酸奶牛小嘿（兰花广场店）,火锅,106.689434,26.567337
万鸿鱼火锅,火锅,106.660978,26.65817
三筒豆米火锅,火锅,106.658951,26.645132
签翻·随你火锅,火锅,106.684855,26.571614
小黑哥石磨黑豆花,火锅,106.762783,26.600106
舒家大院重庆老火锅（威清路店）,火锅,106.708735,26.591733
黄手艺麻辣烩馆（观山湖万达广场店）,火锅,106.615587,26.638012
老贵阳麻辣烫公司,火锅,106.718989,26.526998
小蒙铜锅涮（百花路店）,火锅,106.475206,26.576832
母记参鱼片,火锅,106.627015,26.653429
蜀道老火锅,火锅,106.662011,26.422016
野生菌火锅烤鱼,火锅,106.645267,26.383585
虾吃虾涮虾火锅（万达广场店）,火锅,106.615587,26.638012
牛煌尚牛肉粉,火锅,106.72622,26.594312
渔水湾时尚美食,火锅,106.722551,26.600158
麻辣四方习水特色豆腐皮火锅,火锅,106.647349,26.614644
苗外婆,火锅,106.627586,26.621134
焰遇烤吧,火锅,106.762117,26.603104
红腾火锅串串（小十字店）,火锅,106.722413,26.585615
习水特色豆腐皮火锅（贵乌南路店）,火锅,106.720951,26.602346
竹笋鱼莊,火锅,106.631903,26.60483
黔南苗乡,火锅,106.623636,26.698006
藏途火塘餐厅滇藏石锅宴,火锅,106.787926,26.652582
黔山绿地凯里酸汤鱼庄,火锅,106.626525,26.651924
千味坊肚包鸡,火锅,106.609533,26.623894
欢牛府,火锅,106.782742,26.649903
珍味鲜野生菌火锅（清镇分店）,火锅,106.476699,26.567562
1串时光麻辣烫,火锅,106.686983,26.567566
红色经典乌江豆腐鱼（贵阳警苑店）,火锅,106.730322,26.587286
滇味原天麻竹荪火腿鸡（贵阳中铁逸都店）,火锅,106.619631,26.606924
金鼎山数签签清水烫,火锅,106.696077,26.566204
滇蘑菇（美的店）,火锅,106.658951,26.645132
老成都秘制串串香,火锅,106.475978,26.58472
川道官热血美蛙鱼头,火锅,106.656114,26.642913
火焱坛子鱼,火锅,106.630157,26.678669
云豆瑶三味豆花火锅（威清路旗舰店）,火锅,106.70511,26.591058
庖丁家鲜牛肉火锅（云岩店）,火锅,106.762783,26.600106
贵州土司剔骨鸭（会展城店）,火锅,106.651428,26.64492
麻也重庆市井火锅,火锅,106.678718,26.565449
龙里肉饼鸡火锅,火锅,106.649126,26.643065
集渔•泰式海鲜火锅（汇金店）,火锅,106.704612,26.588275
万丰鲫鱼,火锅,106.671077,26.648563
老凯里苗家酸汤鱼,火锅,106.674701,26.62925
永丰菜馆,火锅,106.973296,27.060811
苗侗牛羊瘪火锅,火锅,106.646916,26.614869
鱼蛙相恋（美蛙鱼头）,火锅,106.70151,26.590272
封红田息烽阳郎辣子鸡,火锅,106.64224,26.651073
陈排骨（红枫北街店）,火锅,106.486415,26.568552
沣和餐饮,火锅,106.74667,26.588645
福吧豆米火锅（三桥万科店）,火锅,106.677707,26.590646
滨湖盛泉餐厅,火锅,106.657921,26.621455
渝大狮老火锅（普陀店）,火锅,106.719843,26.596832
惬意老凯里酸汤鱼,火锅,106.674701,26.62925
蒸汽贵妃鱼,火锅,106.726803,26.853437
清真虎记全牛馆,火锅,106.787193,26.665011
习水特色豆腐皮火锅,火锅,106.752893,27.081313
聚谊堂·老北京涮羊肉·烧烤·小吃（林城店）,火锅,106.723905,26.580916
倒拐香耗儿鱼（未来方舟店）,火锅,106.766928,26.60727
傲江湖重庆火锅,火锅,106.625028,26.653277
合江豆花火锅,火锅,106.682783,26.445708
吴记大定食府,火锅,106.778294,26.658293
寻牛记（花果园八中店）,火锅,106.683733,26.572741
蜀大侠四川传统主义火锅（花果园店）,火锅,106.6937,26.575318
钢管厂五区小郡肝串串香（未来方舟店）,火锅,106.762783,26.600106
红腾小郡肝（万江小区店）,火锅,106.72736,26.616194
金不换黔菜馆,火锅,106.674701,26.62925
菌满园野生菌肉饼鸡火锅（未来方舟店）,火锅,106.762783,26.600106
小明锅活油烙锅,火锅,106.724942,26.590436
巴比酷涮烤铜锅（花果园店）,火锅,106.695716,26.574353
三年2班食堂串串火锅（御府壹号店）,火锅,106.47698,26.574511
外婆做的酸（花溪荟溪城店）,火锅,106.679807,26.436316
醉江渔生态鱼馆,火锅,106.978579,27.060388
大山地生态厨房（红树东方店）,火锅,106.48917,26.564644
百味记小郡肝砂锅串串,火锅,106.631903,26.60483
北京涮羊肉火锅·老城一锅羊蝎子,火锅,106.762783,26.600106
鲜黄牛肉火锅店,火锅,106.752472,27.083461
黔牛宴（福建街店）,火锅,106.64757,26.614849
佬侨头酸汤鱼火锅,火锅,106.662268,26.422365
蜀香王婆大虾,火锅,106.724368,26.57033
三天一味豆鼓火锅（飞山街店）,火锅,106.712876,26.586323
重庆杨光会鲜货火锅,火锅,106.717132,26.533892
水家传說酸汤鱼,火锅,106.736425,26.566597
黔东老家苗王谷酸汤鱼酸汤牛肉,火锅,106.74705,26.399968
巴沙鱼馆,火锅,106.679602,26.566554
黔鹅坊,火锅,106.692079,26.567905
三合苑美蛙鱼头,火锅,106.625713,26.652296
马路边边麻辣烫（花果园店）,火锅,106.696312,26.575194
重庆秦妈火锅（大营坡店）,火锅,106.787193,26.665011
吊角楼苗家酸汤鱼,火锅,106.772605,26.639549
桂源清真全牛,火锅,106.676265,26.559596
竹荪火锅（花果园M区店）,火锅,106.686744,26.564964
重庆鸡公煲,火锅,106.610303,26.845124
梅子食坊,火锅,106.712232,26.574034
赛维利亚休闲小聚餐厅（金阳店）,火锅,106.658564,26.643341
老凯里牛乡阁酸汤牛肉,火锅,106.688998,26.563984
乡村赤水黑豆花山野菜火锅（华润店）,火锅,106.619495,26.624436
涂记寻味香辣干锅,火锅,106.414385,26.590004
一锅鸭（贵阳中铁逸都店）,火锅,106.613233,26.615453
须尽欢酒家,火锅,106.65132,26.656073
邓记转角牛童子骨牛肉火锅,火锅,106.715694,26.606896
老桥头凯里酸汤鱼,火锅,106.667428,26.601564
还可以酸汤肉末粉（市北路店）,火锅,106.714724,26.604179
小吖飞鸭爪爪特色火锅（花溪店）,火锅,106.684927,26.439609
百素我家酸菜鱼（云岩万达店）,火锅,106.750689,26.626351
323牛肉火锅店,火锅,106.656781,26.648355
锦桥竹苑,火锅,106.673646,26.629466
西江老街坊酸汤鱼 酸汤牛肉,火锅,106.655723,26.643501
祁珺牛肉火锅,火锅,106.722354,26.596461
灶房印象柴火鸡,火锅,106.733543,26.611906
缺耳朵老火锅,火锅,106.708606,26.55605
云上苗家酸汤鱼,火锅,106.653559,26.645431
重庆英雄老火锅,火锅,106.598492,26.844862
扎佐酸菜蹄膀,火锅,106.637448,26.384557
舒家大院重庆老火锅（中铁逸都店）,火锅,106.630598,26.624658
苗家大院酸汤鱼,火锅,106.656619,26.620968
东风炊老火锅（半山小镇店）,火锅,106.689113,26.581606
巷子里重庆火锅串串,火锅,106.709695,26.529162
贵西园川西火锅,火锅,106.673924,26.546478
老树桩豆花火锅,火锅,106.985017,27.05629
滇蘑菇.山珍坊（未来方舟店）,火锅,106.770697,26.608707
覃记三脚一锅香,火锅,106.724516,26.60642
重庆冷锅鱼,火锅,106.676926,26.557871
苗岭宴豪酸汤鱼（君悦国际店）,火锅,106.476096,26.567838
余庆乡村剔骨鸭（朝阳村店）,火锅,106.68122,26.446473
三锅争霸（世纪金源购物中心店）,火锅,106.631903,26.60483
红姐酸汤,火锅,106.718541,26.581767
磨乡缘乡村石磨豆花（小河万科店）,火锅,106.721399,26.527018
盱眙阿祖龙虾店（花果园店）,火锅,106.693391,26.574195
重庆魏道火锅（北衙路店）,火锅,106.774088,26.644806
味之绝热血美蛙鱼（花果园店）,火锅,106.698232,26.575502
醉苗侗凯里酸汤鱼（小河店）,火锅,106.730022,26.494128
老铁重庆老火锅（永乐路总店）,火锅,106.71652,26.59564
川西坝子老火锅,火锅,106.589684,26.614024
醉乐意·特色干锅火锅（会展城店）,火锅,106.654314,26.643566
老凯里苗伯妈特色牛滚烫,火锅,106.625929,26.647347
百谷余麻鱼火锅,火锅,106.679602,26.566554
重庆串串香火锅,火锅,106.645805,26.61462
金小仔豆豉油渣火锅,火锅,106.722061,26.592849
蜀大侠四川传统主义火锅（恒大中央广场店）,火锅,106.649696,26.609413
凯苗小黄牛全牛馆,火锅,106.617516,26.596276
苗侗老凯里酸汤鱼（御府一号店）,火锅,106.477523,26.561988
定隆食尚水西全牛火锅,火锅,106.705917,26.57717
石灰市李串串重庆火锅（百花路店）,火锅,106.47566,26.584126
土灶柴火鸡柴火鱼（红边门店）,火锅,106.719924,26.59652
苗乡牛滚塘全牛馆（西城大院店）,火锅,106.477523,26.561988
喜蔚轩牛排火锅,火锅,106.661491,26.661962
老凯里牛滚烫（金阳店）,火锅,106.61335,26.617283
锦城串串火锅,火锅,106.679807,26.436316
习水豆腐皮火锅（蓑草路店）,火锅,106.732395,26.567289
黔牛味老凯里酸汤牛肉火锅,火锅,106.708238,26.529423
土牛火锅店,火锅,106.652087,26.644986
宴遇一味独食火锅,火锅,106.697951,26.574593
瓜西西火锅（花溪店）,火锅,106.677453,26.414736
老铁重庆老火锅（小河店）,火锅,106.705101,26.528797
腩潮鲜牛腩老火锅,火锅,106.473932,26.564009
菌味源野生菌火锅,火锅,106.625566,26.652052
黔诚酸汤牛肉,火锅,106.692032,26.567509
川西妹子火锅（花溪荟溪城店）,火锅,106.679807,26.436316
憨叁砂锅串串,火锅,106.631641,26.606769
恒虎涮烤一体自助火锅,火锅,106.706307,26.592009
息烽温泉林宝餐饮店,火锅,106.859291,27.202669
1314暖心的不止是奶茶,火锅,106.721288,26.593192
胖妹乌江豆腐鱼,火锅,106.660134,26.498176
小龙坎老火锅（花溪店）,火锅,106.682242,26.436937
夜郎人家聚会轰趴,火锅,106.653126,26.392707
尾尾鲜无刺酸菜鱼,火锅,106.626209,26.619144
锡林阿玛冰煮羊,火锅,106.762783,26.600106
馋猫卤点（国贸逸天城店）,火锅,106.729656,26.568205
重庆乡村柴火鸡,火锅,106.998071,27.053808
渔下醉后一公里,火锅,106.676594,26.557344
传奇赤水黑豆花火锅,火锅,106.723158,26.593277
壹口鲜砂锅酸辣烫,火锅,106.637738,26.608838
渔黔湾（鸿记煌三汁焖锅）（小河店）,火锅,106.719635,26.526697
潘叔叔酸汤牛肉,火锅,106.718205,26.579829
江湖重庆老火锅（开阳店）,火锅,106.984104,27.058578
王记老味道辣子鸡,火锅,106.725971,26.602848
同心捞海鲜自助火锅（花果园旗舰店）,火锅,106.698167,26.575422
赵百万辣子鸡（c区店）,火锅,106.692317,26.567398
骉骉老火锅（花果园店）,火锅,106.694099,26.576784
老鬼酸汤（护国路店）,火锅,106.723371,26.581712
牛滋味老凯里酸汤牛肉（花溪店）,火锅,106.677453,26.414736
羊蝎子（鸿通城店）,火锅,106.714321,26.563562
高兴一锅 潮汕牛肉火锅店（贵阳店）,火锅,106.699008,26.604073
曼谷码头泰式海鲜火锅（兰花广场店）,火锅,106.689434,26.567337
烤鲜生,火锅,106.721442,26.584319
四方圆豆腐皮火锅,火锅,106.674947,26.608168
徐记黑山羊火锅,火锅,106.893243,26.838279
四季香约美蛙鱼头（花溪大学城店）,火锅,106.644984,26.385458
锦程-乡土菜,火锅,106.668164,26.415358
何大姐红顶鸭,火锅,106.794744,26.535532
亮欢寨酸汤鱼（国贸店）,火锅,106.71827,26.590661
重庆红灯笼老火锅,火锅,106.476479,26.569829
卫城奖牌辣子鸡（合肥路店）,火锅,106.648305,26.608172
绸都潮牛道涮烤养生馆,火锅,106.711398,26.525154
樵夫餐饮大方沙坝烙锅店,火锅,106.68219,26.447229
阿西洛姆（出山里店）,火锅,106.669457,26.495612
0851香辣虾,火锅,106.682816,26.446045
赤水腊猪脚,火锅,106.723182,26.578812
乌江参鱼片,火锅,106.644984,26.385458
旮旮头重庆老火锅（火车站店）,火锅,106.707801,26.56081
秦师兄火锅,火锅,106.689776,26.569923
农家豆米火锅店,火锅,106.64624,26.68136
恒都牛肉养生馆,火锅,106.69651,26.524616
黔食记凯里酸汤鱼（威清路店）,火锅,106.706935,26.591871
永佳酒楼,火锅,106.486415,26.568552
肖家豆豉火锅（云岭中路店）,火锅,106.472013,26.562444
沓弥头老火锅（中环国际店）,火锅,106.472534,26.565779
喜·欢食,火锅,106.652961,26.620209
马路边边麻辣烫（小河店）,火锅,106.718121,26.528685
五秒涮生鱼,火锅,106.722303,26.586484
家常炒菜馆,火锅,106.726523,26.583353
黔味豆米火锅（万达广场店）,火锅,106.615587,26.638012
黔壹味酸汤牛肉火锅（云岩店）,火锅,106.708383,26.599699
临江门老火锅（喷水池店）,火锅,106.718693,26.58826
大李堂串串（小十字店）,火锅,106.722084,26.583706
状元三宝牛肉（普陀路旗舰店）,火锅,106.720643,26.59582
兰语轩餐馆（小黑哥石磨黑豆花总店）,火锅,106.743761,26.563958
菌品,火锅,106.764213,26.592287
重庆美蛙渔火锅,火锅,106.617406,26.615916
鱼你有缘火锅,火锅,106.676735,26.563293
佬侨头酸汤苗寨,火锅,106.617406,26.615916
大耳花胶鸡海鲜皇牛火锅酒家（CCPARK店 ）,火锅,106.65902,26.651966
卫城王马儿辣子鸡（花溪万科店）,火锅,106.67681,26.416164
鹅霸酒楼（红枫北街店）,火锅,106.486415,26.568552
土砂哥习水豆腐皮火锅,火锅,106.643358,26.653147
渝金记晓宇火锅,火锅,106.668164,26.415358
盧記大方豆干火锅,火锅,106.750144,26.589956
大斌家串串火锅（小河平桥店）,火锅,106.707067,26.521
桐梓特色方竹笋火锅,火锅,106.977319,27.061732
归客,火锅,106.723408,26.586347
庄客卤局·卤汤火锅烫菜（花果园店）,火锅,106.688437,26.566832
深巷烧烤.深巷一号,火锅,106.719223,26.59137
香辣弟一锅,火锅,106.623685,26.637575
余庆孜亦剔骨鸭,火锅,106.732493,26.609265
储缘蛋糕（五柳街店）,蛋糕甜点,106.686401,26.586854
初艺蛋糕,蛋糕甜点,106.760389,26.606312
芝心金麦园饼屋,蛋糕甜点,106.738243,26.619305
优焙CAKE（民富路店）,蛋糕甜点,106.469798,26.556018
芝心蛋糕（乌当店）,蛋糕甜点,106.787425,26.654942
琛哥茶餐厅,蛋糕甜点,106.714321,26.563562
芝心蛋糕麦佳乐饼屋,蛋糕甜点,106.736594,26.583631
佐佐屋DIY烘焙,蛋糕甜点,106.787632,26.653262
风启达蛋糕（蛋糕送到家花溪小河店）,蛋糕甜点,106.716875,26.529115
百瑞斯塔小小庭院咖啡馆,蛋糕甜点,106.476861,26.556345
惠诚滋知（新添商业中心一店）,蛋糕甜点,106.787646,26.65292
美奇西饼屋（翠屏西路店）,蛋糕甜点,106.601258,26.845287
CS芝士蛋糕（南国花锦店）,蛋糕甜点,106.719573,26.588216
原树咖啡（时代港湾一店）,蛋糕甜点,106.476179,26.562307
巧芋工坊（中大国际店）,蛋糕甜点,106.726787,26.610645
等一个人咖啡馆,蛋糕甜点,106.719573,26.588216
八月咖啡房子,蛋糕甜点,106.723264,26.577618
糖棕榈烘焙,蛋糕甜点,106.720528,26.574336
嘉佰乐（鸿通城店）,蛋糕甜点,106.715576,26.565112
龙诚西饼,蛋糕甜点,106.627044,26.608023
贵阳万丽酒店巧工坊,蛋糕甜点,106.634688,26.65117
半糖主义私房蛋糕,蛋糕甜点,106.689415,26.56641
风启达蛋糕（蛋糕送到家云岩店）,蛋糕甜点,106.787639,26.653836
麦咔娜网红生日蛋糕,蛋糕甜点,106.651428,26.64492
CoCo都可（鸿通城店）,蛋糕甜点,106.71505,26.564692
舊·夢主题咖啡馆,蛋糕甜点,106.726108,26.581955
DQ（鸿通城店）,蛋糕甜点,106.715362,26.565024
CoCo都可（师大附中店）,蛋糕甜点,106.726967,26.591223
储缘蛋糕（海纳广场店）,蛋糕甜点,106.706563,26.520371
贵州龙（小河店）,蛋糕甜点,106.704435,26.520404
雪菲网红手工艺蛋糕（云岩店）,蛋糕甜点,106.733162,26.607547
羊城西饼（长江路店）,蛋糕甜点,106.709815,26.529251
雨桐猫咪咖啡,蛋糕甜点,106.726108,26.581955
米诺手工烘焙坊,蛋糕甜点,106.682377,26.434299
沁园（瑞金北路店）,蛋糕甜点,106.71096,26.59028
柒家猫咪主题咖啡馆（亨特店）,蛋糕甜点,106.726108,26.581955
惠诚滋味（花果园店）,蛋糕甜点,106.69921,26.580046
储缘蛋糕（旭东店）,蛋糕甜点,106.735552,26.597679
SO COFFEE,蛋糕甜点,106.725531,26.582799
荒糖甜品（花果园店）,蛋糕甜点,106.695915,26.573899
华诚西饼（宝山路店）,蛋糕甜点,106.730326,26.584191
甜妈创意蛋糕烘焙屋,蛋糕甜点,106.718571,26.550644
佬表私坊蛋糕,蛋糕甜点,106.713062,26.569603
茶咔哺（花果园店）,蛋糕甜点,106.696834,26.574081
芝心蛋糕（小河店）,蛋糕甜点,106.693631,26.526206
CS芝士蛋糕（白云店）,蛋糕甜点,106.631106,26.682493
面包路（鸿通城店）,蛋糕甜点,106.713588,26.562682
欣奇食品依萨蓓爾,蛋糕甜点,106.711258,26.530393
焙尔乐创意烘焙蛋糕,蛋糕甜点,106.698302,26.576792
纽菲诗欢乐休闲餐厅,蛋糕甜点,106.721607,26.584356
艾璐蛋糕（贵阳直营店）,蛋糕甜点,106.716701,26.583054
阿Q奶茶,蛋糕甜点,106.720332,26.597092
自做空间创意蛋糕烘培屋,蛋糕甜点,106.716524,26.562582
小多勒厨房,蛋糕甜点,106.705625,26.564756
鲜一品果蔬房,蛋糕甜点,106.724273,26.583785
旧时光咖啡馆,蛋糕甜点,106.710048,26.527807
爱拉屋（兰州街三店）,蛋糕甜点,106.654266,26.643032
灿烂坊蛋糕甜品私房（花果园店）,蛋糕甜点,106.690977,26.573904
华城西饼（人民广场店）,蛋糕甜点,106.477021,26.561016
黔鹰糕点（贵筑路店）,蛋糕甜点,106.682239,26.436574
幸福滋味烘焙坊,蛋糕甜点,106.665155,26.441966
华诚西饼（碧海花园店）,蛋糕甜点,106.627876,26.634323
鲜果派·果膳坊（CCPARK店）,蛋糕甜点,106.65902,26.651966
好利来（世纪金源购物中心店）,蛋糕甜点,106.631903,26.60483
辑仔坊鲜奶（省府路店）,蛋糕甜点,106.721831,26.588962
储缘蛋糕（白云区政府店）,蛋糕甜点,106.623562,26.687579
Q滋味甜品欧包店（喷水池店）,蛋糕甜点,106.720514,26.588663
荒糖甜品（南国店）,蛋糕甜点,106.719561,26.58821
臻麦蛋糕（金阳步行街店）,蛋糕甜点,106.623713,26.637185
皇家饼屋（新民路店）,蛋糕甜点,106.47627,26.561495
华味园蛋糕店,蛋糕甜点,106.71114,26.517028
刘氏尚品（民生路店）,蛋糕甜点,106.723488,26.585014
Z&L私人订制,蛋糕甜点,106.699917,26.575108
私享家口感蛋糕,蛋糕甜点,106.712413,26.586042
聚兴园,蛋糕甜点,106.654266,26.643032
玺月贡茶鸡排（银座店）,蛋糕甜点,106.724571,26.570969
CS芝士蛋糕（观山湖店）,蛋糕甜点,106.626262,26.642992
面包工房,蛋糕甜点,106.49077,26.561163
泡芙时代（清镇店）,蛋糕甜点,106.484806,26.562162
臻麦cake精品烘焙,蛋糕甜点,106.651357,26.614186
华诚西饼（中坝店）,蛋糕甜点,106.663771,26.694114
麦香城·Cake（云岭中路店）,蛋糕甜点,106.472863,26.562865
储缘蛋糕（绿苑小区店）,蛋糕甜点,106.711521,26.547949
CS芝士蛋糕（中大国际店）,蛋糕甜点,106.726787,26.610645
宝妈烘焙,蛋糕甜点,106.787578,26.654631
惠诚滋味（世纪城店）,蛋糕甜点,106.651421,26.615643
杰克魔豆咖啡（贵州凤凰湾店）,蛋糕甜点,106.697236,26.549552
太阳酱私人订制生活馆,蛋糕甜点,106.692976,26.574304
夏图,蛋糕甜点,106.711485,26.590272
CS芝士蛋糕（鸿通城店）,蛋糕甜点,106.715666,26.564416
大成精舍酒店,蛋糕甜点,106.68366,26.473941
芝心蛋糕（台北西饼屋青山店）,蛋糕甜点,106.691729,26.56073
米修·图雅蛋糕（金阳店）,蛋糕甜点,106.650963,26.624598
嗨吃海鲜烤肉火锅自助,海鲜自助,106.4733,26.563123
盘江野生鱼（老阳关店）,海鲜自助,106.664057,26.621075
熙伦多自助餐厅,海鲜自助,106.630423,26.60435
京成一品海鲜大咖,海鲜自助,106.713943,26.580239
贵阳老树子香辣虾,海鲜自助,106.722865,26.58927
拾贝海鲜粤菜茶点（花果园店）,海鲜自助,106.69585,26.574591
蚝友记海鲜烧烤,海鲜自助,106.70611,26.591177
虾你一跳,海鲜自助,106.720395,26.593189
美滋鲜盱眙小龙虾,海鲜自助,106.698302,26.576792
蚝魁（青云路店）,海鲜自助,106.721083,26.571234
滋味鲜盱眙小龙虾（金阳店）,海鲜自助,106.634313,26.613922
华仔龙虾（永乐路总店）,海鲜自助,106.716272,26.59561
酷渔·鲜料鱼火锅（恒峰店）,海鲜自助,106.715346,26.583709
辣家私厨,海鲜自助,106.722156,26.592985
繁花十里锡纸花甲粉,海鲜自助,106.692898,26.56817
拾贝阿里妈妈粤菜海鲜烧烤（永乐路店）,海鲜自助,106.716272,26.59561
王子饭店,海鲜自助,106.716186,26.5646
椰林烤鱼,海鲜自助,106.689702,26.565263
鲜源龙虾馆（花溪店）,海鲜自助,106.675915,26.436883
蟹缘阁江苏阳澄湖大闸蟹,海鲜自助,106.702397,26.568773
阿杜炒蟹（龙虾，烧烤，海鲜青云路店）,海鲜自助,106.722177,26.57081
禅隐京都料理,海鲜自助,106.725423,26.583222
008香辣虾,海鲜自助,106.718023,26.525835
中都佳源,海鲜自助,106.718811,26.580147
天意金海湾,海鲜自助,106.679652,26.586576
那都不是锅港式打边炉（万科印象城店）,海鲜自助,106.629163,26.603399
正宗留一手烤鱼（九龙花园店）,海鲜自助,106.683663,26.430125
西贡码头粤菜海鲜茶点（六广门店）,海鲜自助,106.718434,26.601484
饭加龙虾烙锅,海鲜自助,106.689415,26.56641
朝阳海鲜大咖（百花新城店）,海鲜自助,106.47642,26.570427
曼伦多海鲜餐厅,海鲜自助,106.713062,26.569603
溪山里深海市集海鲜美食广场（溪山里LIKEMart店）,海鲜自助,106.669952,26.428446
吉布鲁牛排海鲜自助（云岩万达店）,海鲜自助,106.787193,26.665011
长生虾海鲜大咖（万科店）,海鲜自助,106.719635,26.526697
逸饪海鲜大咖,海鲜自助,106.629249,26.606372
海鲜party·海鲜大咖,海鲜自助,106.63731,26.684469
贵阳万丽酒店BLD自助餐厅,海鲜自助,106.634688,26.65117
地中海风情餐厅.清心黔菜,海鲜自助,106.727663,26.6102
天意大酒楼,海鲜自助,106.708166,26.588594
十二蟹钳小龙虾（花果园店）,海鲜自助,106.689434,26.567337
文弋海鲜  龙虾馆,海鲜自助,106.6684,26.4434
重庆冷锅鱼,海鲜自助,106.676926,26.557871
小赵哥海鲜私厨,海鲜自助,106.727598,26.58128
蟹王一绝（花果园店）,海鲜自助,106.693546,26.575206
牛郎关时尚自助烧烤,海鲜自助,106.490764,26.561192
海滋味川味小龙虾,海鲜自助,106.693546,26.575206
好吃佬油焖大虾,海鲜自助,106.683528,26.439246
锦绣兰桂酒楼,海鲜自助,106.709985,26.565789
蟹老头海鲜大咖（未来方舟总店）,海鲜自助,106.762117,26.603104
鲜里香,海鲜自助,106.63854,26.602407
留一手烤鱼（旭东路店）,海鲜自助,106.729994,26.592615
胖哥俩肉蟹煲（花果园购物中心店）,海鲜自助,106.69585,26.574591
蟹之翼肉蟹煲（黔灵东路店）,海鲜自助,106.722156,26.592985
喜·欢食,海鲜自助,106.652961,26.620209
俊哥私厨海鲜馆（未来方舟店）,海鲜自助,106.762783,26.600106
尚·自然大酒楼,海鲜自助,106.725139,26.564227
滋味鲜盱眙小龙虾（未来方舟店）,海鲜自助,106.772374,26.609266
徐小弟龙虾（花果园店）,海鲜自助,106.699237,26.574997
伴渔笙·海鲜音乐餐吧,海鲜自助,106.652435,26.64335
广州湾·中山脆肉鲩海鲜火锅,海鲜自助,106.638694,26.602729
海鲜遇上面（云上方舟店）,海鲜自助,106.655562,26.648382
竹园香特色烤鱼海鲜大咖,海鲜自助,106.616753,26.592941
泰空花园泰式海鲜火锅,海鲜自助,106.689415,26.56641
人生一串,海鲜自助,106.696916,26.576314
尚品宫海鲜烤肉自助餐厅,海鲜自助,106.721169,26.571086
滋点特色烤鱼,海鲜自助,106.687144,26.566086
海知味海鲜大咖,海鲜自助,106.647952,26.607738
拜丝特牛排海鲜自助,海鲜自助,106.609533,26.623894
炒蟹王,海鲜自助,106.77471,26.635183
辣否麻辣海鲜餐厅,海鲜自助,106.762783,26.600106
小马仔酒厨,海鲜自助,106.722887,26.61464
息烽大酒店悦膳坊,海鲜自助,106.753008,27.081385
文和友龙虾馆（陕西路旗舰店）,海鲜自助,106.71994,26.593619
Hello虾先生,海鲜自助,106.683733,26.572741
虾蟹鲍贝海鲜大咖,海鲜自助,106.698302,26.576792
彭厨海鲜E族,海鲜自助,106.621029,26.62339
阿雄鱼海,海鲜自助,106.72234,26.579795
虾蛙迪咖,海鲜自助,106.785691,26.547124
归客,海鲜自助,106.723408,26.586347
霸道虾（清镇店）,海鲜自助,106.481589,26.567775
阿杜炒蟹（鸿通城店）,海鲜自助,106.715666,26.564416
虾王蟹将小龙虾（会展城店）,海鲜自助,106.652057,26.643352
从虾开始,海鲜自助,106.698351,26.575683
聚鲜阁蒸汽海鲜,海鲜自助,106.688249,26.564304
520香辣虾  烤鱼,海鲜自助,106.68122,26.446473
牛肉爆大虾,海鲜自助,106.717006,26.588979
集渔•泰式海鲜火锅（汇金店）,海鲜自助,106.704612,26.588275
盱眙阿祖龙虾店（花果园店）,海鲜自助,106.693391,26.574195
潮香阁中餐厅,海鲜自助,106.748869,26.58575
徐小弟龙虾（陕西路店）,海鲜自助,106.720757,26.59222
0069香辣虾（龙洞堡店）,海鲜自助,106.781881,26.556455
酒哪吒海鲜大咖,海鲜自助,106.638529,26.682888
蚝鲜生专业烤生蚝,海鲜自助,106.723885,26.592453
狂食堂小龙虾,海鲜自助,106.687961,26.565741
那都不是锅港式打边炉（旗舰店）,海鲜自助,106.724308,26.583746
蟹老头海鲜大咖（开心蘑菇城店）,海鲜自助,106.761425,26.591201
羅鲜生海鲜姿造,海鲜自助,106.764756,26.607263
香十里龙虾王海鲜大咖,海鲜自助,106.7197,26.59522
0851香辣虾（医科大学店）,海鲜自助,106.637448,26.384557
味一绝海鲜店,海鲜自助,106.697597,26.568731
味秘海鲜餐厅旗舰店,海鲜自助,106.706019,26.522122
四季U海鲜大咖,海鲜自助,106.681991,26.429066
520香辣虾（时光贵州店）,海鲜自助,106.48166,26.56087
香十里龙虾王海鲜大咖烤鱼,海鲜自助,106.71525,26.565734
青云海汇海鲜主题餐厅,海鲜自助,106.718479,26.571177
缘起自助烤肉店（喀斯特广场店）,海鲜自助,106.627586,26.621134
景麟酒楼,海鲜自助,106.696206,26.766421
虾虾龍,海鲜自助,106.725272,26.589261
麻屋手抓海鲜（腾达广场店）,海鲜自助,106.714288,26.583053
江来客餐厅入口,海鲜自助,106.753634,26.455533
微巷子广东人民菜,海鲜自助,106.721607,26.584356
船老大原汁烤鱼•小龙虾（勇烈路店）,海鲜自助,106.719688,26.586827
醉江渔生态鱼馆,海鲜自助,106.978579,27.060388
虾路相逢小龙虾（花溪总店）,海鲜自助,106.717239,26.554151
虾路相逢小龙虾（花溪公园店）,海鲜自助,106.672729,26.440756
二胡海鲜大咖（大学城店）,海鲜自助,106.644984,26.385458
蚝村长烤鲜蚝,海鲜自助,106.71586,26.583481
虾皇蟹逅,海鲜自助,106.67641,26.559123
拾柒号码头湘菜海鲜,海鲜自助,106.68011,26.566075
思念小龙虾,海鲜自助,106.70468,26.590885
江南院坝小龙虾（世纪城店）,海鲜自助,106.633555,26.612527
不亦烙乎,海鲜自助,106.48166,26.56087
江南院坝·锦州烧烤小龙虾（贵阳旗舰店）,海鲜自助,106.690875,26.572215
蟹厨香辣蟹（金阳店）,海鲜自助,106.613608,26.610925
汉菲牛排火锅海鲜自助,海鲜自助,106.697093,26.575114
同心捞海鲜自助火锅（花果园旗舰店）,海鲜自助,106.698167,26.575422
泰古里泰式海鲜火锅,海鲜自助,106.725121,26.579732
胖子烤鱼,海鲜自助,106.676441,26.415879
拾贝赶海粤菜海鲜茶点（花溪万宜店）,海鲜自助,106.684927,26.439609
泉上海鲜粥（汇金星力城店）,海鲜自助,106.708831,26.587551
正宗留一手专业烤鱼（花溪分店）,海鲜自助,106.680214,26.430789
家中福海中鲜广场,海鲜自助,106.637292,26.602906
湛江生蚝（美蚝王）,海鲜自助,106.724776,26.586152
汉菲牛排海鲜自助（喀斯特广场店）,海鲜自助,106.627586,26.621134
蟹蟹你炒蟹,海鲜自助,106.747312,26.59069
虾遇,海鲜自助,106.647408,26.604158
汉唐希尔顿花园酒店·花荟味餐厅,海鲜自助,106.747811,26.586653
蚁巢海鲜商务简餐,海鲜自助,106.702774,26.577265
集渔·泰式海鲜火锅（印象城店）,海鲜自助,106.629163,26.603399
吉布鲁牛排海鲜自助（万科店）,海鲜自助,106.717638,26.528752
来一锅海鲜大咖,海鲜自助,106.690369,26.573742
巷子小龙虾,海鲜自助,106.698772,26.579207
吉布鲁牛排海鲜自助（印象城店）,海鲜自助,106.629249,26.606372
巴比酷涮烤铜锅（花果园店）,海鲜自助,106.695716,26.574353
老字号荆州牛肉火锅,海鲜自助,106.62352,26.638718
重庆万州烤鱼,海鲜自助,106.709436,26.591974
张记天府留一手烤鱼,川湘菜,106.697104,26.575018
蛙来哒炭烧牛蛙（花果园店）,川湘菜,106.696312,26.575194
叹鱼烤鱼餐厅（中大国际购物中心店）,川湘菜,106.727582,26.610065
留一手烤鱼（金融街店）,川湘菜,106.702855,26.576766
57℃（花果园店）,川湘菜,106.693546,26.575206
船老大原汁烤鱼•小龙虾（勇烈路店）,川湘菜,106.719688,26.586827
万家干锅·烤鱼（花果园店）,川湘菜,106.692079,26.567905
鱼虾争霸司马烤鱼（龙泉苑街店）,川湘菜,106.637614,26.611868
聂二哥干锅鹅掌翅（盐务街店）,川湘菜,106.715548,26.60704
百素我家酸菜鱼（云岩万达店）,川湘菜,106.750689,26.626351
叹鱼烤鱼餐厅（海纳广场店）,川湘菜,106.708763,26.527032
拿渡麻辣香锅（小河店）,川湘菜,106.707781,26.528372
正宗留一手烤鱼（九龙花园店）,川湘菜,106.683663,26.430125
重庆虾烤鱼火锅,川湘菜,106.704233,26.522382
重庆大三峡纸上烤鱼,川湘菜,106.729115,26.59479
酒阳蒸经小酒馆,川湘菜,106.687673,26.567073
爱运动豆花烤鱼（鸿通城店）,川湘菜,106.714321,26.563562
矿山曾姨妈干锅鸡,川湘菜,106.699939,26.516316
鱼虾争霸司马烤鱼（小河万科店）,川湘菜,106.719241,26.525426
湘·回家吃饭,川湘菜,106.767508,26.607708
留一手扎啤烤鱼,川湘菜,106.725559,26.60568
中都佳源,川湘菜,106.718811,26.580147
食尚坊湘菜（花果园金融街店）,川湘菜,106.693546,26.575206
鱼情味了特色烤鱼,川湘菜,106.613027,26.617592
黔味堂瓦罐豆花烤鱼·鹅掌翅（花果园店）,川湘菜,106.692826,26.573825
加菲猫烤鱼（北门桥店）,川湘菜,106.478624,26.566025
小智锅锅香（百花山店）,川湘菜,106.728546,26.605487
蜀锦香厕所串串,川湘菜,106.715156,26.565083
猴哥特色烤鱼,川湘菜,106.78039,26.642784
胡记留一手专业烤鱼,川湘菜,106.727702,26.607009
兔先生仔姜鲜锅兔,川湘菜,106.678986,26.572794
红天下酒楼（金融街店）,川湘菜,106.690977,26.573904
留香鹅干锅鹅掌翅,川湘菜,106.683577,26.427229
洪氏干锅鹅掌翅,川湘菜,106.769207,26.636382
雅阁食府,川湘菜,106.778457,26.636995
乾元贵宾楼,川湘菜,106.711957,26.606065
正宗留一手专业烤鱼（花溪分店）,川湘菜,106.680214,26.430789
胡胖子（观山湖店）,川湘菜,106.601544,26.626713
食话说辣,川湘菜,106.714321,26.563562
王记重庆特色纸上烤鱼（花果园店）,川湘菜,106.692079,26.567905
汇融国际大酒店餐厅,川湘菜,106.799303,26.641538
大钳脚武汉油焖大虾（圆通街店）,川湘菜,106.720155,26.586741
鑫在园在留一手烤鱼,川湘菜,106.682212,26.446852
黄小铭绝味烤鱼（沙冲路店）,川湘菜,106.711418,26.554769
李氏剔骨鸡▪干锅牛肉,川湘菜,106.784905,26.648135
陈记烤鱼,川湘菜,106.78039,26.642784
农门阵湘菜馆,川湘菜,106.623723,26.621959
喜百年酒店（黔江路店）,川湘菜,106.708936,26.529166
留一手特色烤鱼（金源街店）,川湘菜,106.63842,26.605681
乐善轩湘菜馆,川湘菜,106.835786,26.626353
留一手特色烤鱼,川湘菜,106.720994,26.52688
红鍕灶,川湘菜,106.725482,26.605507
龙大哥辣子鸡（高新路店）,川湘菜,106.78039,26.642784
留一手特色烤鱼（金阳新区店）,川湘菜,106.63835,26.612449
毛家饭店（白云店）,川湘菜,106.630388,26.680269
花园餐厅风味地方菜,川湘菜,106.742596,26.56681
鱼滋味留一手特色烤鱼,川湘菜,106.609533,26.623894
留一手烤鱼（旭东路店）,川湘菜,106.729994,26.592615
浪子重庆留一手烤鱼,川湘菜,106.652057,26.643352
特色留一手烤鱼（北新区路石板坡店）,川湘菜,106.725482,26.605507
夏日康桥酒店餐厅,川湘菜,106.650083,26.679126
柴禾小院巧味馆,川湘菜,106.646958,26.608791
陈氏香鹅掌（花溪店）,川湘菜,106.68186,26.425095
铂美酒店西月岛餐厅,川湘菜,106.714543,26.578532
龙虾派对万州烤鱼,川湘菜,106.684584,26.429997
重庆太安鱼庄（平桥店）,川湘菜,106.672999,26.440756
成都三茅屋土灶柴火鸡,川湘菜,106.707093,26.444718
留一手特色烤鱼（花果园店）,川湘菜,106.693546,26.575206
梓木山庄,川湘菜,106.685552,26.458103
鱼虾相恋,川湘菜,106.628738,26.39483
特色留一手烤鱼（玉厂路店）,川湘菜,106.704163,26.559302
江湖辣子鸡（小河店）,川湘菜,106.706837,26.51572
毛哥辣子鸡,川湘菜,106.72815,26.590896
黔湘荟（石标路店）,川湘菜,106.64211,26.656355
虾霸天诸葛烤鱼,川湘菜,106.72137,26.571323
一品鸡黔川湘,川湘菜,106.733201,26.609513
烤鱼堂（威清路店）,川湘菜,106.705241,26.591524
留一手特色烤鱼（小十字蔡家街店）,川湘菜,106.723709,26.585872
留一手特色烤鱼,川湘菜,106.720155,26.586741
顾家烤鱼城,川湘菜,106.717249,26.53071
富南小吃酒楼,川湘菜,106.722109,26.579076
阿牛锅牛肉火锅烤鱼店,川湘菜,106.717764,26.555756
一起回家吃饭（万象国际店）,川湘菜,106.714036,26.566606
醉朋楼纸包鱼&盘县干锅牛肉,川湘菜,106.625028,26.653277
炭鲜么么鱼,川湘菜,106.694904,26.567143
周哥烤鱼,川湘菜,106.772555,26.639711
贵大边边瓦罐烤鱼（北校区店）,川湘菜,106.678905,26.453895
福庭食府,川湘菜,106.706335,26.593942
留一手特色烤鱼（友谊路店）,川湘菜,106.723106,26.597199
有鱼吃（万科花溪大都会店）,川湘菜,106.677434,26.414245
定番惠水干锅马肉,川湘菜,106.690977,26.573904
花千代秘制烤鱼（小河万科店）,川湘菜,106.719635,26.526697
留一手木炭烤鱼（时光贵州店）,川湘菜,106.476126,26.585067
江南公社,川湘菜,106.650556,26.417793
湘遇湘厨,川湘菜,106.726483,26.615187
宋大伯烤鱼,川湘菜,106.719697,26.581273
回家的味道,川湘菜,106.479024,26.570652
艾家厨房烤鱼,川湘菜,106.705083,26.591402
特色干锅牛肉,川湘菜,106.678153,26.454152
新添寨第八分店留一手特色烤鱼,川湘菜,106.776236,26.636424
苗记烤鱼,川湘菜,106.669661,26.565154
村夫豆花烤鱼（大南门店）,川湘菜,106.721977,26.580822
渔乡菜馆,川湘菜,106.690977,26.573904
庭轩烤鱼（师大店）,川湘菜,106.645483,26.386914
小食候的味,川湘菜,106.699188,26.575384
黔城相遇（花果园店）,川湘菜,106.698302,26.576792
留一手烤鱼（大南门店）,川湘菜,106.723678,26.578785
忠義堂,川湘菜,106.673646,26.629466
北5度椒麻香锅,川湘菜,106.684927,26.439609
陈有良尖椒鸡,川湘菜,106.764756,26.607263
瓦岗寨烤鱼堂活鱼炭烤音乐主题餐吧,川湘菜,106.749137,26.589711
方味食府,川湘菜,106.372303,26.639745
胡桃里音乐酒馆（汇安中心店）,川湘菜,106.708238,26.529423
川竹私厨（花果园店）,川湘菜,106.690176,26.566188
爱饭湘菜（未来方舟店）,川湘菜,106.770021,26.601869
捞食汇司马烤鱼（花果园店）,川湘菜,106.697104,26.574391
九品坊北京烤鸭（未来方舟店）,川湘菜,106.764756,26.607263
丫恋锅鸭爪爪（美乐城店）,川湘菜,106.625566,26.652052
楊公子民间菜,川湘菜,106.693546,26.575206
厨非小馆,川湘菜,106.687673,26.567073
蝶恋花湘菜馆,川湘菜,106.721375,26.580931
回味往事1981音乐餐吧,川湘菜,106.69368,26.570771
一谷春湘,川湘菜,106.702179,26.519616
太府司马烤鱼,川湘菜,106.722666,26.586828
常常馋嘴纸包鱼,川湘菜,106.652057,26.643352
拾柒号码头湘菜海鲜,川湘菜,106.68011,26.566075
浔鱻虾棠,川湘菜,106.725895,26.588249
毛家饭店（景秀黔城店）,川湘菜,106.487533,26.569394
鱼吖吖酸菜鱼@米饭（亨特店）,川湘菜,106.726502,26.581963
景麟酒楼,川湘菜,106.696206,26.766421
竹林寨（兰花广场店）,川湘菜,106.68842,26.565053
我家酸菜鱼,川湘菜,106.638546,26.612332
青旭留一手烤鱼（渔安新城店）,川湘菜,106.737413,26.585982
金玉满堂宴会酒楼,川湘菜,106.689776,26.569923
张记木桶鱼,川湘菜,106.746782,27.099385
知客园家,川湘菜,106.65988,26.654542
重庆袍哥纸上烤鱼（白云区店）,川湘菜,106.638069,26.690249
蚕豆餐厅,川湘菜,106.725229,26.592447
灶屋印象,川湘菜,106.62191,26.623455
鱼留人烤鱼,川湘菜,106.705201,26.520204
晓四川传统川菜馆,川湘菜,106.772691,26.639239
馋味渔湾,川湘菜,106.726176,26.586347
馋嘴猫烤鱼,川湘菜,106.985121,27.053476
彭厨（花溪店）,川湘菜,106.683595,26.433839
六间房土菜馆（美乐城店）,川湘菜,106.625601,26.651599
毛家饭店（水岸广场店）,川湘菜,106.691125,26.555016
家感新厨,川湘菜,106.68992,26.563879
重庆万州烤鱼（万科店）,川湘菜,106.719635,26.526697
食话说辣,川湘菜,106.67958,26.422393
农门阵湘菜馆（鸿通城浙江商城店）,川湘菜,106.714321,26.563562
醉乐意·特色干锅火锅（会展城店）,川湘菜,106.654314,26.643566
特色留一手烤鱼,川湘菜,106.712119,26.562268
森林烤鱼庄,川湘菜,106.617406,26.615916
布依厨房柴火鸡,川湘菜,106.662781,26.596825
重庆兄弟火锅特色干锅,川湘菜,106.692834,26.574822
望香园菜馆,川湘菜,106.726523,26.583353
恋一锅鸭爪爪（云岭中路店）,川湘菜,106.474538,26.567218
滋家干锅（荟溪城）店,川湘菜,106.679807,26.436316
班记特别特烤鱼海鲜城,川湘菜,106.481577,26.560799
彭厨（水口寺店）,川湘菜,106.749156,26.582479
秦师兄火锅,川湘菜,106.689776,26.569923
人和吃饭湘,川湘菜,106.70328,26.592672
留一手烤鱼音乐餐吧,川湘菜,106.720928,26.591899
乡厨特色餐厅,川湘菜,106.657743,26.6589
鱼虾争霸（中铁逸都店）,川湘菜,106.609533,26.623894
小胡子特色豆花瓦罐烤鱼,川湘菜,106.683248,26.433124
青青烤鱼（云岭中路店）,川湘菜,106.472783,26.562776
丫恋锅鸭爪爪（花溪店）,川湘菜,106.672835,26.449466
椰林烤鱼,川湘菜,106.689702,26.565263
几禾酒楼,川湘菜,106.688503,26.566816
农佳烤鱼烤肉店,川湘菜,106.698671,26.579992
彭记留一手烤鱼,川湘菜,106.7452,27.098962
朱记留一手特色烤鱼店,川湘菜,106.629116,26.404697
骉骉私房烤鱼,川湘菜,106.682976,26.429318
锦桥竹苑,川湘菜,106.673646,26.629466
二味麻辣香锅（白云店）,川湘菜,106.637986,26.687345
湘厨食府,川湘菜,106.623172,26.620434
渝野炭烤鱼（思雅美食城店）,川湘菜,106.637721,26.394074
江南石锅鱼私房菜馆,川湘菜,106.676983,26.563691
毛家饭店（腾龙湾店）,川湘菜,106.684116,26.503079
鱼摆摆烤鱼（老朝阳村店）,川湘菜,106.683056,26.445792
小食候湘（花果园店）,川湘菜,106.699175,26.578403
食话说辣（花果园店）,川湘菜,106.690977,26.573904
彭厨（花果园总店）,川湘菜,106.695648,26.567201
胡记-留一手烤鱼,川湘菜,106.689415,26.56641
鱼虾争霸司马烤鱼,川湘菜,106.414385,26.590004
彭厨海鲜E族,川湘菜,106.621029,26.62339
十三椒老坛酸菜鱼（汇安店）,川湘菜,106.708238,26.529423
湘西部落,川湘菜,106.686983,26.567566
徐记干锅鹅掌翅,川湘菜,106.621176,26.626137
刘老八苗岭酸汤饭,川湘菜,106.712915,26.567672
小懒猫纸上烤鱼,川湘菜,106.672999,26.440756
曾记留一手特色烤鱼,川湘菜,106.729895,26.591872
川府柴火鸡（玉厂路店）,川湘菜,106.700961,26.559015
食话说辣湘菜（乌当店）,川湘菜,106.787193,26.665011
眼镜留一手烤鱼,川湘菜,106.78039,26.642784
周三哥牛肉馆,川湘菜,106.767581,26.634625
川竹私厨（大学城店）,川湘菜,106.635278,26.405913
朋友圈时尚餐厅,川湘菜,106.677135,26.564446
辣语秘诀干锅,川湘菜,106.710346,26.526808
楊記重庆功夫烤鱼,川湘菜,106.693546,26.575206
之香唐（延安南路店）,川湘菜,106.679602,26.566554
留一手特色烤鱼,川湘菜,106.774525,26.63516
向记万州烤鱼,川湘菜,106.663744,26.688686
留一手特色烤鱼,川湘菜,106.672999,26.440756
啵啵纸上烤鱼（省府西路店）,川湘菜,106.730535,26.610381
小厨当家,川湘菜,106.787193,26.665011
重庆万州烤鱼,川湘菜,106.709436,26.591974
嫩芽NAYAKA融合川菜,川湘菜,106.726998,26.610487
食尚坊湘菜（会展城店）,川湘菜,106.609533,26.623894
上岸烤鱼•新概念音乐餐吧,川湘菜,106.690823,26.566174
蛙行天下,川湘菜,106.690176,26.566188
新文留一手烤鱼,川湘菜,106.738826,26.586606
建国泡椒鸡（金清路店）,川湘菜,106.513557,26.584844
城中海烤鱼爆大虾,川湘菜,106.651421,26.615643
扒虾记～特色豆花烤鱼,川湘菜,106.708763,26.527032
司马烤鱼香辣虾活油烙锅（福州街店）,川湘菜,106.634313,26.613922
留一手特色烤鱼,川湘菜,106.652057,26.643352
圈圈干锅,川湘菜,106.690977,26.573904
杨艳馋嘴纸包鱼,川湘菜,106.701703,26.575925
泽岸烤鱼,川湘菜,106.642374,26.676295
蜀宴小调（汇安中心店）,川湘菜,106.708238,26.529423
川府柴火鸡（白云店）,川湘菜,106.653833,26.689206
尾尾鲜无刺酸菜鱼,川湘菜,106.626209,26.619144
蒸蛮记浏阳蒸菜,川湘菜,106.652057,26.643352
贵州回家吃饭,川湘菜,106.677093,26.564456
丫恋锅鸭爪爪（汇金店）,川湘菜,106.708812,26.587558
祝记壹品鲜川味馆巫山纸包鱼,川湘菜,106.660998,26.662881
壹锅鸭,川湘菜,106.716001,26.571852
花千代秘制烤鱼（观山湖万达店）,川湘菜,106.615587,26.638012
涂记寻味香辣干锅,川湘菜,106.414385,26.590004
有鱼吃纸上烤鱼（汇安购物中心店）,川湘菜,106.708238,26.529423
安顺特色烤鱼,川湘菜,106.72332,26.608234
成都吃客（友谊路店）,川湘菜,106.722098,26.596362
爱吃的味道湘菜,川湘菜,106.637281,26.685293
黄手艺麻辣烩馆（观山湖万达广场店）,川湘菜,106.615587,26.638012
万鸿鱼火锅,川湘菜,106.660978,26.65817
傻呼呼鱼馆（花果园店）,川湘菜,106.684614,26.56219
彭厨（乌当店）,川湘菜,106.778214,26.637501
百素我家酸菜鱼（小河万科大都会店）,川湘菜,106.718326,26.538174
留一手特色烤鱼,川湘菜,106.71802,26.588648
YK音乐餐吧,川湘菜,106.718356,26.581965
鸡本无敌·中式炒鸡社（喷水池店）,川湘菜,106.719471,26.58684
黔大毕活油烙锅烤鱼（广州路店）,川湘菜,106.609533,26.623894
点兵点将·四川传统小吃集（贵阳店）,川湘菜,106.719635,26.526697
品一锅鸭爪爪（文昌阁美食城店）,川湘菜,106.726364,26.584646
鳛里城市生态餐厅,川湘菜,106.562281,26.588072
于苗子食府,川湘菜,106.92419,26.940104
蜀浪山城江湖菜,川湘菜,106.562281,26.588072
逗嘴江湖小馆,川湘菜,106.651411,26.614242
丫恋锅鸭爪爪（小河万科广场店）,川湘菜,106.719635,26.526697
香八方干锅（花果园金融街店）,川湘菜,106.689776,26.569923
湄公河烤鱼,川湘菜,106.699199,26.577451
农门阵湘菜馆（小河万科店）,川湘菜,106.719278,26.528857
高记特色豆花烤鱼（绿地新都会店）,川湘菜,106.643914,26.671852
故乡柴火烧鸡,川湘菜,106.609551,26.84345
醉乡一锅,川湘菜,106.62316,26.632515
幺哥绝对流烤鱼,川湘菜,106.98549,27.051938
野生菌火锅烤鱼,川湘菜,106.645267,26.383585
三文露一手烤鱼,川湘菜,106.681243,26.432703
恩施印象,川湘菜,106.615587,26.638012
恋鱼家酸菜鱼（亨特店）,川湘菜,106.725639,26.583174
太一老坛子酸菜鱼（万宜广场店）,川湘菜,106.684544,26.439294
留一手烤鱼多彩扎啤城,川湘菜,106.725818,26.61415
香聚豆花烤鱼,川湘菜,106.706853,26.522469
胖子烤鱼,川湘菜,106.676441,26.415879
520香辣虾  烤鱼,川湘菜,106.68122,26.446473
荷塘春渔秘制瓦罐豆花烤鱼,川湘菜,106.762783,26.600106
鼎牛食府,川湘菜,106.723579,26.578782
滋点特色烤鱼,川湘菜,106.687144,26.566086
食话说辣湘菜馆（中环国际店）,川湘菜,106.472461,26.563502
特色干锅鹅掌翅,川湘菜,106.610155,26.843529
盗汗王,川湘菜,106.633429,26.662575
树小厨（小十字店）,川湘菜,106.723488,26.585014
周记留一手特色烤鱼,川湘菜,106.706809,26.590562
钩搭纸包鱼（会展城店）,川湘菜,106.652683,26.645836
大韩家烤鱼店,川湘菜,106.822279,26.644229
周记源鑫纸包鱼（水岸尚城店）,川湘菜,106.486415,26.568552
彭厨（息烽店）,川湘菜,106.754812,27.07851
李白的小酒馆,川湘菜,106.724851,26.613555
溪湘宴,川湘菜,106.672861,26.437062
特色干锅青菜牛肉,川湘菜,106.626151,26.614988
老阿姨虾酸牛肉,川湘菜,106.689415,26.56641
十里桥亭（荟溪城店）,川湘菜,106.681717,26.436216
有鱼吃纸上烤鱼（奥特莱斯店）,川湘菜,106.785691,26.547124
周记留一手特色烤鱼（青云路总店）,川湘菜,106.720477,26.570853
黔南苗乡,川湘菜,106.623636,26.698006
叹鱼烤鱼餐厅（恒峰步行街店）,川湘菜,106.715269,26.583836
湘聚好有味时尚餐厅,川湘菜,106.675903,26.606418
留一手特色烤鱼,川湘菜,106.723489,26.585706
上岛咖啡（印象城店）,川湘菜,106.562281,26.588072
湘品辣味湘,川湘菜,106.652961,26.620209
左姨妈鼎罐酸辣烫（青云路店）,川湘菜,106.722056,26.570768
遵义特色烤鱼,川湘菜,106.637721,26.394074
蒋记多彩扎啤城留一手烤鱼,川湘菜,106.693546,26.575206
顺昕楼,川湘菜,106.631641,26.606769
川味轩,川湘菜,106.699116,26.577449
维特兰德花园餐厅,川湘菜,106.683111,26.455904
口口香干锅鹅掌翅,川湘菜,106.690977,26.573904
湘遇欢湘菜餐厅（观山湖万达店）,川湘菜,106.61258,26.619508
湘味食族,川湘菜,106.62382,26.685639
十八碗酒楼,川湘菜,106.726085,26.567257
四季冒菜（荟溪城店）,川湘菜,106.681717,26.436216
姜记四川留一手豆花烤鱼,川湘菜,106.619043,26.618639
留一手烤鱼（花果园店）,川湘菜,106.688916,26.580217
青旭留一手烤鱼,川湘菜,106.724178,26.59862
十三椒鱼·老坛酸菜鱼馆,川湘菜,106.708812,26.587558
彭厨（贵乌路店）,川湘菜,106.719577,26.60061
火宫殿,川湘菜,106.633429,26.662575
红天下酒楼（风雨桥店）,川湘菜,106.676365,26.563937
花溪特色干锅鹅掌翅,川湘菜,106.633016,26.407534
打工仔烤鱼,川湘菜,106.673924,26.546478
松煙楼·新派川菜,川湘菜,106.655433,26.650041
八号菜（西城大院店）,川湘菜,106.474668,26.573682
想约回家吃饭（花果园店）,川湘菜,106.697075,26.576288
鑫记留一手烤鱼,川湘菜,106.646499,26.676467
渝来鱼香烤鱼,川湘菜,106.723789,26.608089
虾遇,川湘菜,106.647408,26.604158
太一老坛子酸菜鱼（鸿通城店）,川湘菜,106.714321,26.563562
司马烤鱼香辣虾,川湘菜,106.609533,26.623894
锦湘楼食尚餐厅,川湘菜,106.691217,26.554947
五阿哥特色干锅鹅掌翅,川湘菜,106.678153,26.454152
一品渔府秘制烤鱼（鸿通城店）,川湘菜,106.714683,26.563457
兰姐特色干锅,川湘菜,106.70971,26.525777
重庆巫山纸包鱼,川湘菜,106.694205,26.569075
去长沙,川湘菜,106.631903,26.60483
司马烤鱼（花果园V区店）,川湘菜,106.685534,26.571593
蓉李記川味小馆,川湘菜,106.719573,26.588216
二姐魚樂圈纸包鱼,川湘菜,106.712522,26.595977
湘碗,川湘菜,106.713184,26.582148
荷塘月色瓦罐豆花烤鱼,川湘菜,106.720155,26.586741
美滋鹅干锅鹅掌翅（中建华府F区店）,川湘菜,106.733647,26.609542
翅翅香干锅庄,川湘菜,106.682663,26.445491
彭厨（小十字店）,川湘菜,106.722413,26.585615
山城外老坛酸菜鱼（印象城店）,川湘菜,106.562281,26.588072
静艳干锅鸡毛肚,川湘菜,106.718013,26.603835
拿手,川湘菜,106.715853,26.600331
有鱼有你龍猫烤鱼,川湘菜,106.650308,26.651558
雅竹园山庄,川湘菜,106.633297,26.628248
湘约时光,川湘菜,106.656079,26.643072
毛家湾饭店,川湘菜,106.677707,26.590646
小吖飞鸭爪爪特色火锅总店,川湘菜,106.780782,26.640119
爱饭（西南商贸城店）,川湘菜,106.587932,26.615121
牛爷守留一手特色烤鱼,川湘菜,106.660565,26.655874
彭厨（花果园风雨桥店）,川湘菜,106.675378,26.562768
霍厨,川湘菜,106.66089,26.657809
祥瑞来•滩羊宴,川湘菜,106.656381,26.647359
莲香阁餐厅,川湘菜,106.704212,26.590547
五町目日料（友谊路店）,日韩料理,106.722515,26.595369
N多寿司（花溪公园店）,日韩料理,106.683141,26.442801
一只小饭团,日韩料理,106.718011,26.588121
米馥精致日料,日韩料理,106.655433,26.650041
名家紫菜包饭（师大店）,日韩料理,106.729115,26.59479
梦想家韩国料理（大南门店）,日韩料理,106.723331,26.578143
谦惠百贺日式烤肉（喀斯特广场店）,日韩料理,106.627586,26.621134
李记黔味铁板烧,日韩料理,106.636696,26.686098
大浪炭火鲜牛肉烤肉,日韩料理,106.71795,26.588235
谦惠百贺日式烤肉（观山湖万达店）,日韩料理,106.615587,26.638012
云天空韩国料理春川铁板鸡,日韩料理,106.689434,26.567337
鲤·精膳料理,日韩料理,106.731973,26.571872
余千味饭团（海纳广场店）,日韩料理,106.708763,26.527032
真熙兄妹紫菜包饭（花果园购物中心店）,日韩料理,106.69585,26.574591
梅酱居酒屋,日韩料理,106.695653,26.574601
韩美美·石板烤肉韩国料理,日韩料理,106.698295,26.576782
牛人碳火烧肉酒场,日韩料理,106.730535,26.610381
飞阳铁板烧,日韩料理,106.615587,26.638012
野食料理（南国花锦店）,日韩料理,106.719573,26.588216
阿里阿里包装马车（亨特店）,日韩料理,106.72525,26.580721
柒月日料,日韩料理,106.707889,26.587949
欧巴韩式料理,日韩料理,106.821641,26.644292
荣町居酒屋（文昌北路店）,日韩料理,106.726221,26.586064
大浪炭火鲜牛肉酒场（龙井路店）,日韩料理,106.629627,26.673155
梦想家韩式料理（亨特店）,日韩料理,106.72598,26.581816
一休の日料炭火烧肉场,日韩料理,106.716969,26.587992
烤哩啊馆韩国烤肉,日韩料理,106.690176,26.566188
樱川居酒屋（太平路店）,日韩料理,106.716878,26.587835
禹上品料理,日韩料理,106.684927,26.439609
炸之舞·天妇罗专门店（ccpark店）,日韩料理,106.64224,26.651073
菊次郎炉端烧日料店,日韩料理,106.717447,26.587909
码头寨铁板烧,日韩料理,106.987768,27.058862
炭火鲜牛肉酒场（缤纷广场店）,日韩料理,106.706853,26.522469
九华夜食,日韩料理,106.728109,26.589834
上井精致料理（亨特店）,日韩料理,106.726016,26.582281
碳上缘日式烧肉,日韩料理,106.718479,26.571177
韩客莱（花溪荟溪城购物中心店）,日韩料理,106.680508,26.43595
禅隐京都料理,日韩料理,106.725423,26.583222
半山本格烧肉,日韩料理,106.616753,26.592941
斑玛日式料理,日韩料理,106.651136,26.656604
雅玲铁板烧（中央公园店）,日韩料理,106.478531,26.567245
良仓芝士排骨火锅(中大国际购物中心店),日韩料理,106.726869,26.61068
兀岛烧肉丼饭,日韩料理,106.669217,26.444344
泉上·皇冠三文鱼&铁板烧,日韩料理,106.659632,26.653157
昊•来了寿司（福州街店）,日韩料理,106.629249,26.606372
62°上清水产（逸天城店）,日韩料理,106.729656,26.568205
李记黔味铁板烧（狮峰路店）,日韩料理,106.702335,26.577068
日之屋炭火烧肉（贵阳万达店）,日韩料理,106.615587,26.638012
荣町日料•烧肉（世纪金源店）,日韩料理,106.609533,26.623894
一才精致料理,日韩料理,106.73154,26.568971
寿司小镇（鸿通城店）,日韩料理,106.713495,26.562218
灰雁烧肉（鸿通城店）,日韩料理,106.714321,26.563562
张泊妈铁板烧,日韩料理,106.778,26.637358
吾贵铁板烧(南国花锦店),日韩料理,106.719573,26.588216
日上寿司（云岩万达店）,日韩料理,106.787193,26.665011
輝夜精致日本料理店（陕西路旗舰店）,日韩料理,106.720446,26.593015
花序寿司（世纪金源购物中心店）,日韩料理,106.632909,26.60379
御堂筋居酒屋（护国路店）,日韩料理,106.723698,26.579834
猫屋木星居酒屋,日韩料理,106.724602,26.582825
桃沢精致寿司,日韩料理,106.722303,26.586484
樱田菊•日本料理,日韩料理,106.713495,26.562218
花序寿司（师大店）,日韩料理,106.727096,26.59166
龍炎烧肉,日韩料理,106.718727,26.587702
小乔の豚骨拉面（亨特城市广场店）,日韩料理,106.72525,26.580721
水上铁板烧（学府里店）,日韩料理,106.669217,26.444344
秋町稻香屋,日韩料理,106.687673,26.567073
简精致料理（贵阳万达店）,日韩料理,106.615587,26.638012
灰雁烧肉三番料理（万科店）,日韩料理,106.717638,26.528752
五町目（大上海万达店）,日韩料理,106.750689,26.626351
周记铁板烧（西工店）,日韩料理,107.280128,26.880933
山下料理,日韩料理,106.720514,26.588663
清隐日本料理,日韩料理,106.623723,26.621959
樱野寿司（小河店）,日韩料理,106.706019,26.522122
客瑞仕CRICHI韩式炸鸡,日韩料理,106.708166,26.58999
壹合羽寿司家,日韩料理,106.760389,26.606312
六兵衛日本料理,日韩料理,106.775392,26.546475
野食料理（万科花溪大都会店）,日韩料理,106.677453,26.414736
荣町烧肉居酒屋（鸿通城店）,日韩料理,106.715315,26.56306
缘喜外带寿司,日韩料理,106.695239,26.576069
酒吞居酒屋,日韩料理,106.713512,26.586424
匠造烧肉酒场,日韩料理,106.713574,26.585879
米＋寿司,日韩料理,106.649828,26.623406
云寿司,日韩料理,106.628195,26.637214
河风精致料理,日韩料理,106.716524,26.599495
野之品外带寿司,日韩料理,106.721125,26.589563
岭扬铁板烧,日韩料理,106.787193,26.665011
大柒铁板烧,日韩料理,106.723401,26.593125
六本木（云上方舟店）,日韩料理,106.6549,26.649553
米米鸡（花果园购物中心店）,日韩料理,106.696312,26.575194
隐莲,日韩料理,106.722642,26.585479
鲜寿司,日韩料理,106.625713,26.652296
君玖寿司,日韩料理,106.652315,26.641362
一本鲜生日式料理（中大店）,日韩料理,106.72682,26.610834
真熙兄妹진희남매식당（M区小食代美食城店）,日韩料理,106.693795,26.57523
荣缘咖喱寿司店,日韩料理,106.689776,26.569923
饭团匠（绿地店）,日韩料理,106.624382,26.651131
村上一品精致日料,日韩料理,106.762783,26.600106
灰雁烧肉（汇安中心店）,日韩料理,106.708238,26.529423
野食料理（金阳国贸店）,日韩料理,106.562281,26.588072
古美铁板烧（逸天城店）,日韩料理,106.730004,26.568504
古美铁板烧（印象城店）,日韩料理,106.609533,26.623894
阿里阿里烤肉（世纪金源店）,日韩料理,106.629956,26.605576
極日本料理,日韩料理,106.675746,26.588048
翔鮨·割烹（CCPark店）,日韩料理,106.65902,26.651966
骊珠汇本鮨日料·西餐·清吧,日韩料理,106.697656,26.575934
野食料理（富水北路店）,日韩料理,106.720564,26.588762
青空晓食堂,日韩料理,106.723637,26.57273
韩乐山原味炭火烤肉,烧烤烤肉,106.721636,26.590491
汉拿山（逸天城店）,烧烤烤肉,106.729656,26.568205
真熙家·韩式料理·拌饭（观山湖店）,烧烤烤肉,106.615587,26.638012
57℃（花果园店）,烧烤烤肉,106.693546,26.575206
旦旦烤肉（万科花溪大都会店）,烧烤烤肉,106.677453,26.414736
川崎家烧肉,烧烤烤肉,106.69585,26.574591
匠造烧肉酒场,烧烤烤肉,106.713574,26.585879
司马烤鱼香辣虾活油烙锅（福州街店）,烧烤烤肉,106.634313,26.613922
北京汉丽轩烤肉超市（同心西路店）,烧烤烤肉,106.63866,26.688358
旦旦烤肉（国贸逸天城店）,烧烤烤肉,106.729656,26.568205
我家小豆腐坨坨肉（一分店）,烧烤烤肉,106.689493,26.563087
冬冬哥烤肉（永乐路第一分店）,烧烤烤肉,106.717957,26.593495
蒙古老鞑子烤羊腿（喷水池总店）,烧烤烤肉,106.717614,26.58886
小褚肥腸烧烤,烧烤烤肉,106.636696,26.686098
一休の日料炭火烧肉场,烧烤烤肉,106.716969,26.587992
98k碳烤羊腿·留一手烤鱼,烧烤烤肉,106.678718,26.565449
芥生（友谊路店）,烧烤烤肉,106.72243,26.596572
爱运动豆花烤鱼（鸿通城店）,烧烤烤肉,106.714321,26.563562
夜猫子烧烤,烧烤烤肉,106.724602,26.582825
庭院烧烤,烧烤烤肉,106.76402,26.631071
山松韩国料理（小十字店）,烧烤烤肉,106.722153,26.583372
生态园,烧烤烤肉,106.759238,26.552863
吊歪烤吧,烧烤烤肉,106.681894,26.415836
半山本格烧肉,烧烤烤肉,106.616753,26.592941
刘大哥烤羊腿,烧烤烤肉,106.720643,26.59582
台风铁板烧,烧烤烤肉,106.722957,26.579159
撕恋豆腐（省府路店）,烧烤烤肉,106.723265,26.586614
烤鲜生,烧烤烤肉,106.721442,26.584319
黔灰妹小豆腐（会展店）,烧烤烤肉,106.651428,26.64492
浓花堂音乐烙锅餐厅,烧烤烤肉,106.657812,26.645174
韩国纸上烧烤,烧烤烤肉,106.730535,26.610381
黄氏小海丁-重庆街头烧烤（世纪城店）,烧烤烤肉,106.609533,26.623894
匠人制虾（胡家铁签牛肉）,烧烤烤肉,106.72369,26.585363
雅玲铁板烧（黔城天街）,烧烤烤肉,106.490783,26.561378
百度烤肉（花果园店）,烧烤烤肉,106.695653,26.574601
深巷烧烤.深巷一号,烧烤烤肉,106.719223,26.59137
庾氏龙虾（中天花园店）,烧烤烤肉,106.787193,26.665011
吃你豆腐坨坨肉（M区店）,烧烤烤肉,106.697951,26.574593
丁姨妈烙锅（花溪店）,烧烤烤肉,106.681863,26.442566
橡树音乐餐吧,烧烤烤肉,106.651443,26.645353
瀚林德苑,烧烤烤肉,106.680113,26.546203
胖子烤肉（福州街店）,烧烤烤肉,106.63388,26.613379
王掌门烙锅,烧烤烤肉,106.647408,26.604158
新天一烤（乌当店）,烧烤烤肉,106.786815,26.642835
水城  老城印象烙锅,烧烤烤肉,106.69351,26.568347
酱汁满串烧烤集市（花果园店）,烧烤烤肉,106.67641,26.559123
老滋味烙锅•滋味酸汤饭,烧烤烤肉,106.706019,26.522122
碳先生酱爆烤肉,烧烤烤肉,106.723041,26.579175
莽嘎嘎活油烙锅,烧烤烤肉,106.736402,26.582092
炭火烤肉,烧烤烤肉,106.617406,26.615916
好久不见·爆浆小豆腐（中央商务区店）,烧烤烤肉,106.698539,26.576328
韩国纸上自助烧烤,烧烤烤肉,106.720514,26.584758
辣德来烤肉（贵大店）,烧烤烤肉,106.672999,26.440756
金都纸上自助烤肉（黄河路店）,烧烤烤肉,106.706008,26.520024
李不管把把烧,烧烤烤肉,106.71498,26.586019
吾贵铁板烧(南国花锦店),烧烤烤肉,106.719573,26.588216
滋味生态餐厅,烧烤烤肉,106.725385,26.710306
宏源山庄,烧烤烤肉,106.619965,26.6454
牧羊庄,烧烤烤肉,106.609533,26.623894
雅牛坊画廊食府.烤全羊,烧烤烤肉,106.671424,26.393788
木王府美食山庄,烧烤烤肉,106.778226,26.637435
千味烤串,烧烤烤肉,106.738416,26.566472
香遇极致烧烤·鲜酿德啤,烧烤烤肉,106.720785,26.591971
大嘴活油烙锅,烧烤烤肉,106.636768,26.685943
凯宾斯基大酒店·普拉那啤酒坊（护国路店）,烧烤烤肉,106.724816,26.581343
水上铁板烧（大学城思雅店）,烧烤烤肉,106.635278,26.405913
三口百味烤鸡（黔灵东路店）,烧烤烤肉,106.722591,26.593254
特色留一手烤鱼（北新区路石板坡店）,烧烤烤肉,106.725482,26.605507
胖子烤肉,烧烤烤肉,106.743176,26.623516
灰雁烧肉三番料理（万科店）,烧烤烤肉,106.717638,26.528752
喜乐汇海鲜啤酒广场,烧烤烤肉,106.639163,26.672061
清真·一只羊（未来方舟店）,烧烤烤肉,106.76152,26.602714
一合活油烙锅,烧烤烤肉,106.689415,26.56641
玉骥烤肉（世纪城店）,烧烤烤肉,106.651421,26.615643
庞客音乐餐吧·朋客荟活油烙锅,烧烤烤肉,106.721596,26.579821
辣否麻辣海鲜餐厅,烧烤烤肉,106.762783,26.600106
蚝想吃烧烤·宵夜·海鲜·砂锅粥,烧烤烤肉,106.716988,26.595667
黔味烤肉,烧烤烤肉,106.711985,26.592363
蟹王一绝（花果园店）,烧烤烤肉,106.693546,26.575206
恋鱼家酸菜鱼（亨特店）,烧烤烤肉,106.725639,26.583174
不夜天网红烧烤（花果园店）,烧烤烤肉,106.688458,26.566897
芥生烤肉爆炒（花果园店）,烧烤烤肉,106.693546,26.575206
罗家六龙活油烙锅,烧烤烤肉,106.679599,26.570247
希流哥小豆腐,烧烤烤肉,106.453576,26.574721
人生一串,烧烤烤肉,106.696916,26.576314
方然嚼味猪排,烧烤烤肉,106.706019,26.522122
绮梦音乐烙锅,烧烤烤肉,106.700675,26.575152
胖姐小豆腐（花溪分店）,烧烤烤肉,106.675785,26.435092
味一绝海鲜店,烧烤烤肉,106.697597,26.568731
一烙锅,烧烤烤肉,106.762783,26.600106
探花炭烤肥牛,烧烤烤肉,106.655842,26.642433
岭扬铁板烧,烧烤烤肉,106.787193,26.665011
胖子烤肉（华润店）,烧烤烤肉,106.619495,26.624436
夜郎谷生态园,烧烤烤肉,106.653126,26.392707
碳上缘日式烧肉,烧烤烤肉,106.718479,26.571177
故巷坊大方活油烙锅•豆米牛肉火锅餐吧,烧烤烤肉,106.624776,26.651978
柴味烤肉,烧烤烤肉,106.724776,26.586152
守口守嘴（一分店）,烧烤烤肉,106.673924,26.546478
阿里阿里烤肉（花果园购物中心）,烧烤烤肉,106.696312,26.575194
水浒火盆烧烤（规划路店）,烧烤烤肉,106.720528,26.574336
詩山裏·音樂烙锅餐吧,烧烤烤肉,106.677093,26.564456
雍滋坊·烙锅文化馆,烧烤烤肉,106.697951,26.574593
福猪乾韩国石板烤肉,烧烤烤肉,106.684927,26.439609
禾禾木烧烤酒屋,烧烤烤肉,106.622895,26.685811
胡同里京味烤肉（白云店）,烧烤烤肉,106.630139,26.676921
贵员外·梦想烙锅大排档,烧烤烤肉,106.673646,26.629466
九田家黑牛烤肉料理（鸿通城店）,烧烤烤肉,106.714321,26.563562
日之屋炭火烧肉（贵阳万达店）,烧烤烤肉,106.615587,26.638012
坨坨肉烧烤,烧烤烤肉,106.719635,26.526697
彭记久味烙锅,烧烤烤肉,106.709045,26.518423
牧牛村清真烤牛肉,烧烤烤肉,106.68011,26.566075
辣德来烤肉（花果园店）,烧烤烤肉,106.694256,26.576045
一桥海鲜自助烧烤广场,烧烤烤肉,106.644984,26.385458
汉釜宫（世纪城店）,烧烤烤肉,106.630569,26.720404
北木南烤肉和酒（白云师范店）,烧烤烤肉,106.627837,26.60661
郭记大嘴小豆腐无烟烧烤,烧烤烤肉,106.611361,26.60537
徐记竹签烤肉 留一手特色烤鱼,烧烤烤肉,106.713731,26.590542
我家小豆腐坨坨肉（二分店）,烧烤烤肉,106.685035,26.561248
Kegking生啤焖烤串吧•深夜食堂（CCpark店）,烧烤烤肉,106.656613,26.651865
逅港音乐餐吧·烙锅·烧烤,烧烤烤肉,106.690176,26.566188
强哥猪小弟自助烧烤,烧烤烤肉,106.720528,26.574336
烙上云宵烙锅,烧烤烤肉,106.723203,26.57764
味滋源•老贵阳铁签烤肉,烧烤烤肉,106.72525,26.580721
阿里阿里包装马车（亨特店）,烧烤烤肉,106.706019,26.522122
得劲儿焖烤肉串（贵阳梵华里店）,烧烤烤肉,106.720938,26.58642
夜上浓妆·自酿吧,烧烤烤肉,106.625522,26.672746
我家小豆腐坨坨肉（三分店）,烧烤烤肉,106.699245,26.57966
胡家铁签烤牛肉,烧烤烤肉,106.716083,26.590946
串大仙•新派烧烤（贵阳旗舰店）,烧烤烤肉,106.723782,26.573045
缸桶屋韩式碳烤,烧烤烤肉,106.762783,26.600106
末家一屋,烧烤烤肉,106.690176,26.566188
荣町烧肉居酒屋（鸿通城店）,烧烤烤肉,106.715315,26.56306
九田家黑牛烤肉料理（万达广场店）,烧烤烤肉,106.61258,26.619508
一锅一解（烙锅店）,烧烤烤肉,106.968015,27.064384
多彩扎啤正宗留一手烤鱼自助烧烤,烧烤烤肉,106.730535,26.610381
吾三省無贰烧烤铺,烧烤烤肉,106.725342,26.605659
九田家黑牛烤肉料理（万达大上海店）,烧烤烤肉,106.787193,26.665011
清真·一只羊（小河店）,烧烤烤肉,106.71114,26.517028
码头寨铁板烧,烧烤烤肉,106.987768,27.058862
汉釜宫自助烤肉自助火锅（新兰花广场店）,烧烤烤肉,106.689434,26.567337
清真.一只羊（贵惠大道店）,烧烤烤肉,106.730022,26.494128
谦惠百贺日式烤肉（观山湖万达店）,烧烤烤肉,106.615587,26.638012
巷子小龙虾,烧烤烤肉,106.698772,26.579207
江湖夜烙锅,烧烤烤肉,106.719695,26.588557
煤矿村小豆腐（友谊路店）,烧烤烤肉,106.722527,26.596161
花果园空中餐厅牛皇叔自助烧烤,烧烤烤肉,106.690176,26.566188
一烙锅（友谊路店）,烧烤烤肉,106.722155,26.597569
库斯烙锅,烧烤烤肉,106.690176,26.566188
夜来香特色烤鸡爪,烧烤烤肉,106.723447,26.608413
圣保罗巴西烤肉,烧烤烤肉,106.719839,26.57337
大浪炭火鲜牛肉酒场（龙井路店）,烧烤烤肉,106.629627,26.673155
666碳烤肥牛（小河万科店）,烧烤烤肉,106.709045,26.518423
董小姐的店,烧烤烤肉,106.771692,26.651328
深夜烤场,烧烤烤肉,106.685428,26.561853
鞑子烤羊腿（花果园金融街店）,烧烤烤肉,106.693467,26.5764
煤矿村小豆腐（观山湖店）,烧烤烤肉,106.651421,26.615643
刘三姐烧肉总店,烧烤烤肉,106.714384,26.585732
瓦片烙锅,烧烤烤肉,106.724187,26.579927
新食代烙锅小镇,烧烤烤肉,106.708238,26.529423
粥禮扬铁签烤肉,烧烤烤肉,106.639904,26.684216
古早烧烤,烧烤烤肉,106.725362,26.588687
毕节李记铁板烧（花果园金融街店）,烧烤烤肉,106.694545,26.575237
九田家黑牛烤肉料理（世纪金源店）,烧烤烤肉,106.645805,26.61462
灰雁烧肉（汇安中心店）,烧烤烤肉,106.708238,26.529423
滋粥楼粤菜海鲜茶点（恒大店）,粤菜,106.656228,26.663607
点德楼粤菜茶点（未来方舟店）,粤菜,106.764756,26.607263
滋粥楼粤菜海鲜早茶（方舟店）,粤菜,106.764756,26.607263
广州穗酒家,粤菜,106.586662,26.447463
赶海柒味（逸天城店）,粤菜,106.729656,26.568205
拾贝赶海粤菜海鲜茶点（世纪金源店）,粤菜,106.634947,26.612479
寻味顺德·珍宝酒楼（贵阳店）,粤菜,106.756662,26.599414
琛哥茶餐厅,粤菜,106.714321,26.563562
品悦德粤菜海鲜茶点（会展城店）,粤菜,106.651294,26.645444
囯苑饭店,粤菜,106.724883,26.581373
荣悦礼堂,粤菜,106.629627,26.673155
鼎记啫啫煲,粤菜,106.7478,26.581745
荔枝湾粤菜海鲜点心,粤菜,106.771791,26.610186
贵阳格兰云天国际酒店（太极中餐厅）,粤菜,106.714321,26.563562
广味园粤菜茶点（鸿通城店）,粤菜,106.719817,26.535366
顺德醉鹅,粤菜,106.703374,26.520501
贵阳万丽酒店新满福楼餐厅,粤菜,106.631342,26.649806
微巷子广东人民菜,粤菜,106.721607,26.584356
拾贝阿里妈妈粤菜海鲜烧烤（永乐路店）,粤菜,106.716272,26.59561
七爺清湯腩,粤菜,106.626282,26.607766
十八滋•燕窝•紫砂烤梨,粤菜,106.698442,26.575461
王子饭店,粤菜,106.716186,26.5646
客品源,粤菜,106.653819,26.618586
长旺贵州·贵人坊,粤菜,106.716718,26.599733
明珠塔花园餐厅,粤菜,106.637659,26.608468
阿雄鱼海,粤菜,106.72234,26.579795
德亮卤鹅，烧鸭烧鹅，牛肉丸，粥，粉，广东肠粉,粤菜,106.717868,26.560733
采蝶轩粤菜茶点宴席（花果园店）,粤菜,106.696312,26.575194
廣芳園老香港茶点（市西店）,粤菜,106.705004,26.584546
香江及第（金阳店）,粤菜,106.626058,26.667761
广粤楼,粤菜,106.69191,26.573227
顺得楼,粤菜,106.704054,26.575251
德鑫楼·港式茶餐厅,粤菜,106.677093,26.564456
泉上·潮汕砂锅粥,粤菜,106.65902,26.651966
花城渔舫,粤菜,106.649242,26.649242
兰桂轩（旗舰店）,粤菜,106.720009,26.571534
贵山大酒店餐厅,粤菜,106.721126,26.586774
武松醉鹅（花果园店）,粤菜,106.688437,26.566832
圣丰酒店·悦园中餐厅,粤菜,106.710905,26.578154
新厨道,粤菜,106.771791,26.610186
广州湾烤匠烤鸡（四方河店）,粤菜,106.70187,26.5348
味秘海鲜餐厅旗舰店,粤菜,106.706019,26.522122
顺德楼,粤菜,106.623172,26.66068
点德楼粤菜茶点（金阳世纪金源店）,粤菜,106.562281,26.588072
潮香阁中餐厅,粤菜,106.748869,26.58575
新记港式茶餐厅（时代广场店）,粤菜,106.719283,26.584754
花语艺厨,粤菜,106.762783,26.600106
夏日康桥酒店餐厅,粤菜,106.650083,26.679126
魏氏家园粤港菜馆（北站店）,粤菜,106.649125,26.628545
六六六潮汕牛肉火锅,粤菜,106.751349,26.469299
山水颐和,粤菜,106.71259,26.59702
西贡码头粤菜海鲜茶点（六广门店）,粤菜,106.718434,26.601484
马夫人潮汕狮头鹅馆（奥特莱斯店）,粤菜,106.790739,27.241638
武松醉鹅（新添寨店）,粤菜,106.765664,26.635729
香堤雅（翠微店）,粤菜,106.723996,26.575854
盛世鸿楼,粤菜,106.717697,26.5348
大河边重庆火锅•粤式海鲜宵夜广场,粤菜,106.712974,26.57206
雅座茶点·粤菜小馆,粤菜,106.726221,26.583615
武松醉鹅（新路口店）,粤菜,106.719031,26.571713
阿一鲍鱼,粤菜,106.725613,26.600878
锦绣兰桂酒楼,粤菜,106.709985,26.565789
朕之味（逸天城店）,粤菜,106.729656,26.568205
喻知味大师脆皮叉烧,粤菜,106.720953,26.591205
广州湾·中山脆肉鲩海鲜火锅,粤菜,106.638694,26.602729
东园脆鲩,粤菜,106.626729,26.653372
广东乐逍遥山庄,粤菜,106.737343,26.589553
幸福楼,粤菜,106.629249,26.606372
喜来登贵航酒店天宝阁中餐厅（中华南路店）,粤菜,106.720853,26.576963
老粥皇餐厅,粤菜,106.714206,26.590267
